"Date","Price","Open","High","Low","Change %"
"01/15/2025","4.5220","4.5240","4.5250","4.5210","-0.13%"
"01/14/2025","4.5280","4.5440","4.5510","4.5160","-0.53%"
"01/13/2025","4.5520","4.5330","4.5670","4.5330","0.26%"
"01/10/2025","4.5400","4.4570","4.5430","4.4500","1.89%"
"01/09/2025","4.4560","4.4710","4.4740","4.4450","-0.45%"
"01/08/2025","4.4760","4.4800","4.4930","4.4510","-0.13%"
"01/07/2025","4.4820","4.4660","4.5030","4.4600","0.43%"
"01/06/2025","4.4630","4.4710","4.4760","4.4430","-0.07%"
"01/03/2025","4.4660","4.4490","4.4700","4.4390","0.31%"
"01/02/2025","4.4520","4.4470","4.4610","4.4240","0.11%"
"01/01/2025","4.4470","4.4470","4.4550","4.4460","0.00%"
"12/31/2024","4.4470","4.4400","4.4550","4.4240","0.04%"
"12/30/2024","4.4450","4.4880","4.4890","4.4380","-0.87%"
"12/27/2024","4.4840","4.4980","4.5030","4.4740","-0.40%"
"12/26/2024","4.5020","4.5020","4.5200","4.4300","-0.02%"
"12/25/2024","4.5030","4.5020","4.5090","4.5020","0.00%"
"12/24/2024","4.5030","4.5100","4.5200","4.4990","-0.35%"
"12/23/2024","4.5190","4.4950","4.5250","4.4900","0.47%"
"12/20/2024","4.4980","4.5100","4.5120","4.4690","-0.11%"
"12/19/2024","4.5030","4.5430","4.5460","4.4890","-0.73%"
"12/18/2024","4.5360","4.4680","4.5420","4.4430","1.57%"
"12/17/2024","4.4660","4.4710","4.4870","4.4590","0.11%"
"12/16/2024","4.4610","4.4670","4.4690","4.4430","0.09%"
"12/13/2024","4.4570","4.4350","4.4660","4.4320","0.63%"
"12/12/2024","4.4290","4.4160","4.4380","4.3950","0.32%"
"12/11/2024","4.4150","4.4220","4.4420","4.3760","-0.25%"
"12/10/2024","4.4260","4.4130","4.4410","4.4070","0.41%"
"12/09/2024","4.4080","4.4040","4.4160","4.3960","0.25%"
"12/06/2024","4.3970","4.4500","4.4810","4.3810","-1.19%"
"12/05/2024","4.4500","4.4420","4.4670","4.4400","0.32%"
"12/04/2024","4.4360","4.4820","4.4970","4.4320","-0.89%"
"12/03/2024","4.4760","4.5080","4.5080","4.4650","-1.47%"
"12/02/2024","4.5430","4.5120","4.5590","4.4950","0.15%"
"11/29/2024","4.5360","4.5300","4.5430","4.4980","0.00%"
"11/28/2024","4.5360","4.5430","4.5460","4.5420","0.00%"
"11/27/2024","4.5360","4.5630","4.5700","4.5210","-0.83%"
"11/26/2024","4.5740","4.5710","4.5970","4.5520","0.02%"
"11/25/2024","4.5730","4.5940","4.6060","4.5650","-0.72%"
"11/22/2024","4.6060","4.5990","4.6170","4.5700","0.79%"
"11/21/2024","4.5700","4.5770","4.6010","4.5600","0.00%"
"11/20/2024","4.5700","4.5570","4.5790","4.5570","0.42%"
"11/19/2024","4.5510","4.5440","4.5590","4.5020","0.07%"
"11/18/2024","4.5480","4.5540","4.5890","4.5440","-0.07%"
"11/15/2024","4.5510","4.5830","4.6000","4.5320","0.89%"
"11/14/2024","4.5110","4.5170","4.6000","4.4950","0.00%"
"11/13/2024","4.5110","4.5970","4.6060","4.5020","-0.66%"
"11/12/2024","4.5410","4.5550","4.5550","4.5520","0.00%"
"11/11/2024","4.5410","4.5550","4.5540","4.5540","0.04%"
"11/08/2024","4.5390","4.4810","4.5470","4.4760","0.35%"
"11/07/2024","4.5230","4.5210","4.5340","4.4680","0.00%"
"11/06/2024","4.5230","4.4620","4.5390","4.4500","1.05%"
"11/05/2024","4.4760","4.4530","4.4930","4.4460","0.45%"
"11/04/2024","4.4560","4.4370","4.4590","4.4190","-0.31%"
"11/01/2024","4.4700","4.4680","4.4910","4.3720","0.43%"
"10/31/2024","4.4510","4.4770","4.4960","4.4530","0.00%"
"10/30/2024","4.4510","4.4260","4.4770","4.4050","0.25%"
"10/29/2024","4.4400","4.4720","4.4750","4.4160","-0.52%"
"10/28/2024","4.4630","4.4560","4.4800","4.4380","0.34%"
"10/25/2024","4.4480","4.4490","4.4600","4.4040","-0.60%"
"10/24/2024","4.4750","4.4690","4.4740","4.4200","0.00%"
"10/23/2024","4.4750","4.4480","4.4770","4.4450","0.54%"
"10/22/2024","4.4510","4.4620","4.4650","4.4300","-0.04%"
"10/21/2024","4.4530","4.4520","4.4610","4.4450","1.48%"
"10/18/2024","4.3880","4.4060","4.4090","4.3800","0.32%"
"10/17/2024","4.3740","4.3790","4.4300","4.3720","0.00%"
"10/16/2024","4.3740","4.3790","4.3810","4.3570","-0.21%"
"10/15/2024","4.3830","4.3970","4.4010","4.3660","-0.02%"
"10/14/2024","4.3840","4.3970","4.4010","4.3970","0.21%"
"10/11/2024","4.3750","4.3860","4.4150","4.3650","-0.95%"
"10/10/2024","4.4170","4.4390","4.4640","4.3750","-0.41%"
"10/09/2024","4.4350","4.3850","4.4430","4.3760","0.86%"
"10/08/2024","4.3970","4.3850","4.4100","4.3730","4.89%"
"10/07/2024","4.1920","4.1830","4.1920","4.1920","0.00%"
"10/04/2024","4.1920","4.1830","4.1930","4.1800","1.57%"
"10/03/2024","4.1270","4.1350","4.1890","4.1270","0.00%"
"10/02/2024","4.1270","4.1160","4.1400","4.1030","0.24%"
"10/01/2024","4.1170","4.1310","4.1340","4.0820","-0.36%"
"09/30/2024","4.1320","4.0900","4.1490","4.0720","2.08%"
"09/27/2024","4.0480","4.1090","4.1100","4.0430","-0.15%"
"09/26/2024","4.0540","4.0590","4.1100","4.0290","0.00%"
"09/25/2024","4.0540","4.0360","4.0610","4.0230","0.10%"
"09/24/2024","4.0500","4.0840","4.0950","4.0310","-0.66%"
"09/23/2024","4.0770","4.0780","4.1070","4.0670","-1.04%"
"09/20/2024","4.1200","4.1240","4.1540","4.1190","-0.96%"
"09/19/2024","4.1600","4.1640","4.1690","4.1190","0.00%"
"09/18/2024","4.1600","4.1740","4.2140","4.1200","-0.05%"
"09/17/2024","4.1620","4.1370","4.1770","4.1210","0.58%"
"09/16/2024","4.1380","4.1780","4.1780","4.1320","-1.43%"
"09/13/2024","4.1980","4.2610","4.2620","4.1890","-1.73%"
"09/12/2024","4.2720","4.2780","4.3270","4.2620","0.00%"
"09/11/2024","4.2720","4.2310","4.3100","4.2050","0.87%"
"09/10/2024","4.2350","4.2800","4.2960","4.2220","-1.01%"
"09/09/2024","4.2780","4.2960","4.2980","4.2680","-4.85%"
"09/06/2024","4.4960","4.4830","4.4960","4.4840","0.00%"
"09/05/2024","4.4960","4.4960","4.4960","4.4960","0.00%"
"09/04/2024","4.4960","4.4830","4.4890","4.4830","0.00%"
"09/03/2024","4.4960","4.5230","4.5260","4.4830","-0.60%"
"09/02/2024","4.5230","4.5230","4.5260","4.5220","-0.18%"
"08/30/2024","4.5310","4.5170","4.5390","4.5130","0.42%"
"08/29/2024","4.5120","4.5180","4.5230","4.4890","0.00%"
"08/28/2024","4.5120","4.5130","4.5200","4.4980","0.04%"
"08/27/2024","4.5100","4.5520","4.5620","4.5050","-0.81%"
"08/26/2024","4.5470","4.5200","4.5550","4.5100","0.51%"
"08/23/2024","4.5240","4.5950","4.6090","4.5150","-0.37%"
"08/22/2024","4.5410","4.5550","4.6090","4.5510","0.00%"
"08/21/2024","4.5410","4.6080","4.6150","4.5200","-1.73%"
"08/20/2024","4.6210","4.6720","4.6740","4.6070","-1.11%"
"08/19/2024","4.6730","4.6640","4.6760","4.6480","-0.06%"
"08/16/2024","4.6760","4.6880","4.7060","4.6460","2.19%"
"08/15/2024","4.5760","4.5850","4.6960","4.5590","0.00%"
"08/14/2024","4.5760","4.5660","4.6050","4.5430","0.11%"
"08/13/2024","4.5710","4.6450","4.6510","4.5640","-1.32%"
"08/12/2024","4.6320","4.6530","4.6660","4.6220","-0.39%"
"08/09/2024","4.6500","4.6320","4.6580","4.6120","1.13%"
"08/08/2024","4.5980","4.5760","4.6660","4.5490","0.00%"
"08/07/2024","4.5980","4.5970","4.6370","4.5660","-0.11%"
"08/06/2024","4.6030","4.5690","4.6300","4.5260","-7.66%"
"08/05/2024","4.9850","4.9850","4.9850","4.9850","0.00%"
"08/02/2024","4.9850","4.9490","4.9850","4.9280","0.00%"
"08/01/2024","4.9850","4.9490","4.9590","4.9280","0.00%"
"07/31/2024","4.9850","5.0080","5.0300","4.9460","-0.58%"
"07/30/2024","5.0140","5.0400","5.0430","5.0030","-0.28%"
"07/29/2024","5.0280","5.0150","5.0400","5.0130","0.00%"
"07/26/2024","5.0280","5.0550","5.0660","5.0200","-0.79%"
"07/25/2024","5.0680","5.0730","5.0730","5.0030","0.00%"
"07/24/2024","5.0680","5.0680","5.0740","5.0620","-0.67%"
"07/23/2024","5.1020","5.1110","5.1150","5.0940","-0.25%"
"07/22/2024","5.1150","5.1110","5.1250","5.1060","-5.37%"
"07/21/2024","5.4050","5.4050","5.4050","5.4050","5.77%"
"07/19/2024","5.1100","5.1060","5.1130","5.1020","0.37%"
"07/18/2024","5.0910","5.0880","5.0960","5.0700","0.02%"
"07/17/2024","5.0900","5.0910","5.1030","5.0810","0.34%"
"07/16/2024","5.0730","5.0560","5.1050","5.0550","0.00%"
"07/15/2024","5.0730","5.0950","5.1030","5.0490","-0.53%"
"07/12/2024","5.1000","5.1410","5.1440","5.0990","-0.70%"
"07/11/2024","5.1360","5.2250","5.2360","5.1220","-1.72%"
"07/10/2024","5.2260","5.2330","5.2330","5.2200","-0.19%"
"07/09/2024","5.2360","5.2320","5.2490","5.2230","0.06%"
"07/08/2024","5.2330","5.2400","5.2420","5.2250","-1.26%"
"07/05/2024","5.3000","5.3030","5.3030","5.3020","0.00%"
"07/04/2024","5.3000","5.3000","5.3000","5.3000","0.00%"
"07/03/2024","5.3000","5.3090","5.3280","5.3000","-0.13%"
"07/02/2024","5.3070","5.3180","5.3190","5.2920","-0.30%"
"07/01/2024","5.3230","5.3190","5.3380","5.3100","0.11%"
"06/28/2024","5.3170","5.3150","5.3280","5.2870","0.00%"
"06/27/2024","5.3170","5.3410","5.3420","5.3080","-0.41%"
"06/26/2024","5.3390","5.3120","5.3420","5.3110","0.57%"
"06/25/2024","5.3090","5.3080","5.3210","5.3020","-0.04%"
"06/24/2024","5.3110","5.3160","5.3200","5.3050","-0.26%"
"06/21/2024","5.3250","5.3320","5.3330","5.3080","0.00%"
"06/20/2024","5.3250","5.3240","5.3380","5.3140","0.06%"
"06/19/2024","5.3220","5.3240","5.3280","5.3200","0.06%"
"06/18/2024","5.3190","5.3530","5.3570","5.3150","-0.49%"
"06/17/2024","5.3450","5.3160","5.3530","5.3120","-1.11%"
"06/14/2024","5.4050","5.4130","5.4050","5.4050","0.00%"
"06/13/2024","5.4050","5.4050","5.4050","5.4050","0.00%"
"06/12/2024","5.4050","5.4130","5.4130","5.4050","-0.13%"
"06/11/2024","5.4120","5.4310","5.4330","5.4080","-0.31%"
"06/10/2024","5.4290","5.4280","5.4370","5.4200","0.00%"
"06/07/2024","5.4290","5.4160","5.4370","5.4120","0.28%"
"06/06/2024","5.4140","5.4140","5.4140","5.4140","0.00%"
"06/05/2024","5.4140","5.4420","5.4140","5.4120","0.00%"
"06/04/2024","5.4140","5.4140","5.4140","5.4140","0.00%"
"06/03/2024","5.4140","5.4420","5.4430","5.4120","-1.06%"
"05/31/2024","5.4720","5.4730","5.4830","5.4390","0.00%"
"05/30/2024","5.4720","5.4810","5.4890","5.4670","-0.26%"
"05/29/2024","5.4860","5.4990","5.4990","5.4740","-0.24%"
"05/28/2024","5.4990","5.4830","5.4990","5.4610","0.44%"
"05/27/2024","5.4750","5.4790","5.4820","5.4740","0.00%"
"05/24/2024","5.4750","5.4780","5.4790","5.4630","0.00%"
"05/23/2024","5.4750","5.4410","5.4790","5.4290","0.57%"
"05/22/2024","5.4440","5.4400","5.4480","5.4350","-0.89%"
"05/21/2024","5.4930","5.4930","5.4930","5.4930","0.00%"
"05/20/2024","5.4930","5.4930","5.4930","5.4930","0.00%"
"05/17/2024","5.4930","5.4930","5.4930","5.4930","0.00%"
"05/16/2024","5.4930","5.4930","5.4930","5.4930","0.00%"
"05/15/2024","5.4930","5.4930","5.4930","5.4930","0.00%"
"05/14/2024","5.4930","5.4930","5.4930","5.4930","0.00%"
"05/13/2024","5.4930","5.4930","5.4930","5.4930","0.00%"
"05/10/2024","5.4930","5.4930","5.4930","5.4930","0.00%"
"05/09/2024","5.4930","5.4930","5.4930","5.4930","0.00%"
"05/08/2024","5.4930","5.4930","5.4930","5.4930","0.00%"
"05/07/2024","5.4930","5.4930","5.4930","5.4930","0.00%"
"05/06/2024","5.4930","5.4930","5.4930","5.4930","0.00%"
"05/03/2024","5.4930","5.4930","5.4930","5.4930","0.00%"
"05/02/2024","5.4930","5.5080","5.5080","5.4930","-0.09%"
"05/01/2024","5.4980","5.5460","5.5550","5.4930","-0.85%"
"04/30/2024","5.5450","5.5030","5.5500","5.4990","0.78%"
"04/29/2024","5.5020","5.4920","5.5050","5.4900","-0.15%"
"04/26/2024","5.5100","5.5070","5.5190","5.4870","0.07%"
"04/25/2024","5.5060","5.4580","5.5180","5.4550","0.81%"
"04/24/2024","5.4620","5.4550","5.4750","5.4520","0.29%"
"04/23/2024","5.4460","5.4790","5.4940","5.4460","-0.49%"
"04/22/2024","5.4730","5.4890","5.4890","5.4670","-0.33%"
"04/19/2024","5.4910","5.4860","5.4890","5.4650","0.00%"
"04/18/2024","5.4910","5.4630","5.4940","5.4580","0.49%"
"04/17/2024","5.4640","5.4860","5.4880","5.4560","-0.15%"
"04/16/2024","5.4720","5.4600","5.5050","5.4550","0.02%"
"04/15/2024","5.4710","5.4680","5.5080","5.4540","0.39%"
"04/12/2024","5.4500","5.4850","5.4860","5.4500","-0.64%"
"04/11/2024","5.4850","5.4910","5.5110","5.4550","-0.09%"
"04/10/2024","5.4900","5.3350","5.5080","5.3200","2.87%"
"04/09/2024","5.3370","5.3660","5.3670","5.3270","-0.45%"
"04/08/2024","5.3610","5.3600","5.3670","5.3450","1.42%"
"04/05/2024","5.2860","5.2900","5.3470","5.2830","0.00%"
"04/04/2024","5.2860","5.3170","5.3220","5.2750","-0.70%"
"04/03/2024","5.3230","5.3320","5.3560","5.3150","-0.28%"
"04/02/2024","5.3380","5.3460","5.3600","5.3340","-0.32%"
"04/01/2024","5.3550","5.3410","5.3670","5.2910","0.96%"
"03/29/2024","5.3040","5.3040","5.3040","5.3040","0.00%"
"03/28/2024","5.3040","5.2830","5.3090","5.2750","0.63%"
"03/27/2024","5.2710","5.2950","5.2960","5.2650","-0.47%"
"03/26/2024","5.2960","5.2850","5.3020","5.2850","0.19%"
"03/25/2024","5.2860","5.2760","5.2900","5.2700","-0.02%"
"03/22/2024","5.2870","5.2920","5.2960","5.2610","0.00%"
"03/21/2024","5.2870","5.2760","5.2960","5.2600","-0.06%"
"03/20/2024","5.2900","5.3520","5.3520","5.2750","-1.16%"
"03/19/2024","5.3520","5.3630","5.3660","5.3450","-0.26%"
"03/18/2024","5.3660","5.3460","5.3790","5.3450","0.51%"
"03/15/2024","5.3390","5.3370","5.3600","5.3330","0.00%"
"03/14/2024","5.3390","5.3260","5.3450","5.3060","0.43%"
"03/13/2024","5.3160","5.2980","5.3260","5.2950","0.30%"
"03/12/2024","5.3000","5.2630","5.3050","5.2550","0.78%"
"03/11/2024","5.2590","5.2320","5.2650","5.2320","0.11%"
"03/08/2024","5.2530","5.2490","5.2540","5.1800","0.00%"
"03/07/2024","5.2530","5.2910","5.2950","5.2490","-0.77%"
"03/06/2024","5.2940","5.2950","5.2990","5.2640","0.11%"
"03/05/2024","5.2880","5.3210","5.3270","5.2710","-0.66%"
"03/04/2024","5.3230","5.2820","5.3270","5.2820","-1.32%"
"03/01/2024","5.3940","5.3940","5.3940","5.3940","0.00%"
"02/29/2024","5.3940","5.3940","5.3940","5.3940","0.00%"
"02/28/2024","5.3940","5.3920","5.3970","5.3900","-0.11%"
"02/27/2024","5.4000","5.3930","5.4030","5.3660","0.11%"
"02/26/2024","5.3940","5.3710","5.4000","5.3590","0.47%"
"02/23/2024","5.3690","5.3710","5.3720","5.3470","0.00%"
"02/22/2024","5.3690","5.3410","5.3720","5.3310","0.79%"
"02/21/2024","5.3270","5.3100","5.3400","5.3040","0.59%"
"02/20/2024","5.2960","5.3250","5.3270","5.3230","0.00%"
"02/19/2024","5.2960","5.3250","5.3270","5.3230","0.00%"
"02/16/2024","5.2960","5.2960","5.3700","5.2960","0.00%"
"02/15/2024","5.2960","5.2950","5.3010","5.2950","0.02%"
"02/14/2024","5.2950","5.3440","5.3450","5.2950","2.14%"
"02/13/2024","5.1840","5.2040","5.3400","5.1810","-0.33%"
"02/12/2024","5.2010","5.1900","5.2060","5.1810","0.44%"
"02/09/2024","5.1780","5.1810","5.2100","5.1540","0.00%"
"02/08/2024","5.1780","5.1700","5.1870","5.1600","0.27%"
"02/07/2024","5.1640","5.1590","5.1740","5.1290","0.04%"
"02/06/2024","5.1620","5.2130","5.2150","5.1370","-0.94%"
"02/05/2024","5.2110","5.1690","5.2210","5.1690","3.89%"
"02/02/2024","5.0160","5.0270","5.1620","5.0240","0.00%"
"02/01/2024","5.0160","5.0260","5.0400","5.0160","-0.10%"
"01/31/2024","5.0210","5.1020","5.1040","4.9540","-1.78%"
"01/30/2024","5.1120","5.0900","5.1340","5.0670","0.57%"
"01/29/2024","5.0830","5.1010","5.1010","5.0820","0.02%"
"01/26/2024","5.0820","5.0770","5.1120","5.0680","0.00%"
"01/25/2024","5.0820","5.1220","5.1330","5.0740","-1.03%"
"01/24/2024","5.1350","5.1160","5.1350","5.0850","0.21%"
"01/23/2024","5.1240","5.1350","5.1350","5.1200","-0.19%"
"01/22/2024","5.1340","5.1300","5.1350","5.1180","-0.02%"
"01/19/2024","5.1350","5.0960","5.1350","5.0890","2.50%"
"01/18/2024","5.0100","5.0960","5.1050","5.0100","0.00%"
"01/17/2024","5.0100","5.0020","5.0110","4.9990","0.24%"
"01/16/2024","4.9980","4.9640","5.0230","4.9350","-0.70%"
"01/15/2024","5.0330","5.0330","5.0330","5.0330","0.00%"
"01/12/2024","5.0330","5.0240","5.0480","4.9300","0.00%"
"01/11/2024","5.0330","5.1140","5.1220","5.0250","-1.68%"
"01/10/2024","5.1190","5.1260","5.1270","5.0980","-0.16%"
"01/09/2024","5.1270","5.1370","5.1440","5.1230","0.04%"
"01/08/2024","5.1250","5.1660","5.1660","5.0930","-0.97%"
"01/05/2024","5.1750","5.1560","5.2100","5.1560","0.41%"
"01/04/2024","5.1540","5.1520","5.1660","5.1520","0.02%"
"01/03/2024","5.1530","5.1530","5.1530","5.1530","0.00%"
"01/02/2024","5.1530","5.1530","5.1530","5.1530","0.00%"
"01/01/2024","5.1530","5.1530","5.1530","5.1530","0.00%"
"12/29/2023","5.1530","5.1530","5.1530","5.1530","0.00%"
"12/28/2023","5.1530","5.1530","5.1530","5.1530","0.00%"
"12/27/2023","5.1530","5.1530","5.1530","5.1530","0.00%"
"12/26/2023","5.1530","5.1530","5.1530","5.1530","0.00%"
"12/25/2023","5.1530","5.1530","5.1530","5.1530","0.00%"
"12/22/2023","5.1530","5.1530","5.1530","5.1530","0.00%"
"12/21/2023","5.1530","5.1530","5.1530","5.1530","0.00%"
"12/20/2023","5.1530","5.1900","5.4910","5.1520","-0.69%"
"12/19/2023","5.1890","5.2210","5.2240","5.1770","-0.61%"
"12/18/2023","5.2210","5.1960","5.2240","5.1910","-0.36%"
"12/15/2023","5.2400","5.2390","5.2540","5.2390","-0.02%"
"12/14/2023","5.2410","5.2410","5.2410","5.2410","0.00%"
"12/13/2023","5.2410","5.4060","5.4070","5.2390","-3.05%"
"12/12/2023","5.4060","5.3940","5.4160","5.3380","0.13%"
"12/11/2023","5.3990","5.4040","5.4300","5.3960","1.71%"
"12/08/2023","5.3080","5.3220","5.4110","5.3180","0.00%"
"12/07/2023","5.3080","5.3360","5.3440","5.2960","-0.54%"
"12/06/2023","5.3370","5.3150","5.3450","5.3130","0.55%"
"12/05/2023","5.3080","5.3350","5.3370","5.2910","-0.67%"
"12/04/2023","5.3440","5.3210","5.3560","5.3150","-1.20%"
"12/01/2023","5.4090","5.3960","5.4050","5.2770","0.00%"
"11/30/2023","5.4090","5.3920","5.4310","5.3680","0.32%"
"11/29/2023","5.3920","5.4690","5.4700","5.3720","-1.52%"
"11/28/2023","5.4750","5.5420","5.5560","5.4690","-1.26%"
"11/27/2023","5.5450","5.5690","5.5690","5.5350","-0.31%"
"11/24/2023","5.5620","5.5530","5.5650","5.5460","0.34%"
"11/23/2023","5.5430","5.5380","5.5430","5.5380","-0.04%"
"11/22/2023","5.5450","5.5230","5.5630","5.5040","0.47%"
"11/21/2023","5.5190","5.5310","5.5340","5.5100","-0.18%"
"11/20/2023","5.5290","5.5140","5.5340","5.5140","0.56%"
"11/17/2023","5.4980","5.4980","5.5250","5.4760","0.00%"
"11/16/2023","5.4980","5.5330","5.5340","5.4750","-0.67%"
"11/15/2023","5.5350","5.4880","5.5390","5.4820","0.97%"
"11/14/2023","5.4820","5.6220","5.6310","5.4790","-2.46%"
"11/13/2023","5.6200","5.6310","5.6340","5.6150","0.05%"
"11/10/2023","5.6170","5.6150","5.6290","5.5820","0.00%"
"11/09/2023","5.6170","5.5680","5.6240","5.5660","0.97%"
"11/08/2023","5.5630","5.5450","5.5630","5.5450","0.32%"
"11/07/2023","5.5450","5.5620","5.5630","5.5360","-0.32%"
"11/06/2023","5.5630","5.5370","5.5630","5.5320","-0.84%"
"11/03/2023","5.6100","5.6170","5.6250","5.5040","0.00%"
"11/02/2023","5.6100","5.6040","5.6300","5.5890","-0.11%"
"11/01/2023","5.6160","5.6790","5.6810","5.5920","-0.99%"
"10/31/2023","5.6720","5.6500","5.6780","5.6320","0.57%"
"10/30/2023","5.6400","5.6360","5.6540","5.6360","-0.11%"
"10/27/2023","5.6460","5.6460","5.6510","5.6270","0.00%"
"10/26/2023","5.6460","5.6840","5.6940","5.6340","-0.72%"
"10/25/2023","5.6870","5.6710","5.6920","5.6660","0.37%"
"10/24/2023","5.6660","5.6470","5.6870","5.6460","0.12%"
"10/23/2023","5.6590","5.6770","5.6800","5.6450","-0.68%"
"10/20/2023","5.6980","5.6910","5.6980","5.6440","0.00%"
"10/19/2023","5.6980","5.7430","5.7540","5.6910","-0.80%"
"10/18/2023","5.7440","5.7410","5.7610","5.7170","0.10%"
"10/17/2023","5.7380","5.6880","5.7550","5.6830","0.93%"
"10/16/2023","5.6850","5.6790","5.6870","5.6670","0.26%"
"10/13/2023","5.6700","5.6650","5.6780","5.6540","1.32%"
"10/12/2023","5.5960","5.5960","5.5960","5.5960","0.00%"
"10/11/2023","5.5960","5.5960","5.5960","5.5960","0.00%"
"10/10/2023","5.5960","5.5960","5.5960","5.5960","0.00%"
"10/09/2023","5.5960","5.5960","5.5960","5.5960","0.00%"
"10/06/2023","5.5960","5.5960","5.5960","5.5960","0.00%"
"10/05/2023","5.5960","5.6200","5.6220","5.5920","-0.76%"
"10/04/2023","5.6390","5.6430","5.6430","5.6380","-0.07%"
"10/03/2023","5.6430","5.6360","5.6590","5.6230","0.05%"
"10/02/2023","5.6400","5.6440","5.6510","5.6320","0.14%"
"09/29/2023","5.6320","5.6320","5.6320","5.6320","0.00%"
"09/28/2023","5.6320","5.6530","5.6650","5.6320","-0.69%"
"09/27/2023","5.6710","5.6710","5.6710","5.6710","0.00%"
"09/26/2023","5.6710","5.6710","5.6710","5.6710","0.00%"
"09/25/2023","5.6710","5.6710","5.6710","5.6710","0.00%"
"09/22/2023","5.6710","5.6710","5.6710","5.6710","0.00%"
"09/21/2023","5.6710","5.6710","5.6710","5.6710","0.00%"
"09/20/2023","5.6710","5.6710","5.6710","5.6710","0.00%"
"09/19/2023","5.6710","5.6720","5.6730","5.6700","-0.05%"
"09/18/2023","5.6740","5.6780","5.6890","5.6710","1.83%"
"09/15/2023","5.5720","5.5720","5.5720","5.5720","0.00%"
"09/14/2023","5.5720","5.5750","5.5750","5.5720","-0.16%"
"09/13/2023","5.5810","5.5770","5.6270","5.5670","0.27%"
"09/12/2023","5.5660","5.5470","5.5780","5.5460","0.34%"
"09/11/2023","5.5470","5.5420","5.5500","5.5350","-2.97%"
"09/08/2023","5.7170","5.7170","5.7170","5.7170","0.00%"
"09/07/2023","5.7170","5.7170","5.7170","5.7170","0.00%"
"09/06/2023","5.7170","5.7070","5.7230","5.7060","-2.34%"
"09/05/2023","5.8540","5.8540","5.8540","5.8540","0.00%"
"09/04/2023","5.8540","5.8540","5.8540","5.8540","0.00%"
"09/01/2023","5.8540","5.8540","5.8540","5.8540","0.00%"
"08/31/2023","5.8540","5.8540","5.8540","5.8540","0.00%"
"08/30/2023","5.8540","5.8540","5.8540","5.8540","0.00%"
"08/29/2023","5.8540","5.8590","5.8600","5.8410","-0.09%"
"08/28/2023","5.8590","5.8660","5.8800","5.8470","0.90%"
"08/25/2023","5.8070","5.8060","5.8690","5.8060","0.00%"
"08/24/2023","5.8070","5.7730","5.8110","5.7710","0.78%"
"08/23/2023","5.7620","5.8010","5.8020","5.7480","-0.59%"
"08/22/2023","5.7960","5.7910","5.8030","5.7690","0.29%"
"08/21/2023","5.7790","5.7630","5.7900","5.7590","0.09%"
"08/18/2023","5.7740","5.7460","5.7530","5.7310","0.00%"
"08/17/2023","5.7740","5.7740","5.7760","5.7450","-0.10%"
"08/16/2023","5.7800","5.7550","5.7870","5.7380","0.36%"
"08/15/2023","5.7590","5.7730","5.7770","5.7410","-0.24%"
"08/14/2023","5.7730","5.7400","5.7760","5.7340","1.19%"
"08/11/2023","5.7050","5.7080","5.7440","5.6930","0.00%"
"08/10/2023","5.7050","5.7160","5.7180","5.6680","0.00%"
"08/09/2023","5.7050","5.6860","5.7170","5.6830","0.28%"
"08/08/2023","5.6890","5.6950","5.6960","5.6630","0.02%"
"08/07/2023","5.6880","5.7030","5.7260","5.6850","-0.84%"
"08/04/2023","5.7360","5.7340","5.7550","5.6860","0.00%"
"08/03/2023","5.7360","5.7290","5.7500","5.7160","0.09%"
"08/02/2023","5.7310","5.7460","5.7550","5.7210","-0.23%"
"08/01/2023","5.7440","5.7460","5.7600","5.7350","-0.07%"
"07/31/2023","5.7480","5.7520","5.7570","5.7350","1.63%"
"07/28/2023","5.6560","5.6520","5.6530","5.6300","0.00%"
"07/27/2023","5.6560","5.6210","5.6680","5.6050","0.78%"
"07/26/2023","5.6120","5.6240","5.6610","5.6070","-0.37%"
"07/25/2023","5.6330","5.6300","5.6410","5.6120","0.36%"
"07/24/2023","5.6130","5.5950","5.6310","5.5830","0.36%"
"07/21/2023","5.5930","5.5970","5.6100","5.5840","0.00%"
"07/20/2023","5.5930","5.5600","5.6130","5.5600","0.68%"
"07/19/2023","5.5550","5.5580","5.5700","5.5320","0.05%"
"07/18/2023","5.5520","5.5400","5.5590","5.5080","0.20%"
"07/17/2023","5.5410","5.5550","5.5580","5.5280","-0.14%"
"07/14/2023","5.5490","5.5410","5.5610","5.5320","-0.20%"
"07/13/2023","5.5600","5.5620","5.5630","5.5600","0.00%"
"07/12/2023","5.5600","5.6210","5.6220","5.5500","-1.19%"
"07/11/2023","5.6270","5.6050","5.6290","5.5860","0.30%"
"07/10/2023","5.6100","5.6280","5.6490","5.6050","-0.90%"
"07/07/2023","5.6610","5.6500","5.6770","5.6150","0.00%"
"07/06/2023","5.6610","5.6260","5.7080","5.6230","0.64%"
"07/05/2023","5.6250","5.6160","5.6290","5.6080","-0.20%"
"07/04/2023","5.6360","5.6360","5.6360","5.6360","0.00%"
"07/03/2023","5.6360","5.6240","5.6520","5.5930","0.11%"
"06/30/2023","5.6300","5.6260","5.6510","5.6020","0.00%"
"06/29/2023","5.6300","5.5580","5.6570","5.5570","1.24%"
"06/28/2023","5.5610","5.5700","5.5840","5.5220","-0.23%"
"06/27/2023","5.5740","5.5320","5.5790","5.4930","0.49%"
"06/26/2023","5.5470","5.5380","5.5540","5.5030","-0.27%"
"06/23/2023","5.5620","5.5590","5.5860","5.5120","0.00%"
"06/22/2023","5.5620","5.5280","5.5830","5.5160","0.65%"
"06/21/2023","5.5260","5.5350","5.5560","5.5120","0.16%"
"06/20/2023","5.5170","5.5550","5.5580","5.5040","0.07%"
"06/19/2023","5.5130","5.5310","5.5570","5.5220","0.00%"
"06/16/2023","5.5130","5.5160","5.5850","5.5020","0.00%"
"06/15/2023","5.5130","5.5270","5.5810","5.4980","-0.49%"
"06/14/2023","5.5400","5.5040","5.5900","5.4620","0.42%"
"06/13/2023","5.5170","5.4430","5.5170","5.3960","1.32%"
"06/12/2023","5.4450","5.4570","5.4770","5.4130","0.70%"
"06/09/2023","5.4070","5.4110","5.4660","5.3890","0.00%"
"06/08/2023","5.4070","5.4190","5.4450","5.3570","-0.13%"
"06/07/2023","5.4140","5.3660","5.4550","5.3550","0.43%"
"06/06/2023","5.3910","5.3680","5.4060","5.3320","0.47%"
"06/05/2023","5.3660","5.3700","5.4380","5.3180","1.57%"
"06/02/2023","5.2830","5.2850","5.4140","5.2640","0.00%"
"06/01/2023","5.2830","5.3360","5.3740","5.2630","-0.86%"
"05/31/2023","5.3290","5.3770","5.3840","5.2900","-1.59%"
"05/30/2023","5.4150","5.4300","5.4380","5.3540","0.00%"
"05/29/2023","5.4150","5.4150","5.4150","5.4150","0.52%"
"05/26/2023","5.3870","5.4050","5.4570","5.3440","0.00%"
"05/25/2023","5.3870","5.3000","5.4330","5.2770","2.01%"
"05/24/2023","5.2810","5.2010","5.3160","5.1740","1.29%"
"05/23/2023","5.2140","5.1900","5.2620","5.1870","1.05%"
"05/22/2023","5.1600","5.1620","5.1830","5.1170","-0.15%"
"05/19/2023","5.1680","5.1670","5.2220","5.0960","0.00%"
"05/18/2023","5.1680","5.0810","5.1820","5.0540","1.73%"
"05/17/2023","5.0800","5.0350","5.1100","5.0160","0.63%"
"05/16/2023","5.0480","5.0000","5.0740","4.9560","1.63%"
"05/15/2023","4.9670","4.9840","5.0170","4.9580","0.98%"
"05/12/2023","4.9190","4.9280","4.9960","4.8960","0.00%"
"05/11/2023","4.9190","4.9370","4.9570","4.8490","-0.08%"
"05/10/2023","4.9230","5.0110","5.0550","4.9000","-1.91%"
"05/09/2023","5.0190","4.9850","5.0390","4.9690","1.25%"
"05/08/2023","4.9570","4.9540","4.9850","4.9540","2.65%"
"05/05/2023","4.8290","4.8650","4.9870","4.8490","0.00%"
"05/04/2023","4.8290","4.8990","4.9590","4.7420","-3.73%"
"05/03/2023","5.0160","5.0110","5.0320","4.9070","-0.28%"
"05/02/2023","5.0300","5.1490","5.1650","4.9610","-1.30%"
"05/01/2023","5.0960","5.0900","5.1780","5.0740","-0.29%"
"04/28/2023","5.1110","5.0920","5.1230","5.0550","0.00%"
"04/27/2023","5.1110","5.0230","5.1170","5.0030","2.24%"
"04/26/2023","4.9990","4.9910","5.0590","4.9420","0.36%"
"04/25/2023","4.9810","5.0830","5.0850","4.9440","-2.90%"
"04/24/2023","5.1300","5.1440","5.1520","5.0810","-0.27%"
"04/21/2023","5.1440","5.1270","5.1660","5.0990","0.00%"
"04/20/2023","5.1440","5.2130","5.2180","5.1260","-1.47%"
"04/19/2023","5.2210","5.1790","5.2300","5.1770","0.91%"
"04/18/2023","5.1740","5.1420","5.1930","5.1340","1.09%"
"04/17/2023","5.1180","5.1140","5.1200","5.1120","2.48%"
"04/14/2023","4.9940","4.9990","5.1180","4.9800","0.00%"
"04/13/2023","4.9940","5.0140","5.0520","4.9540","-0.50%"
"04/12/2023","5.0190","5.0560","5.0960","4.9490","-0.97%"
"04/11/2023","5.0680","5.0210","5.0940","5.0120","0.96%"
"04/10/2023","5.0200","5.0210","5.0370","4.9890","2.74%"
"04/07/2023","4.8860","4.8950","5.0210","4.8800","0.00%"
"04/06/2023","4.8860","4.8380","4.8980","4.7680","1.39%"
"04/05/2023","4.8190","4.8890","4.9180","4.7590","-1.19%"
"04/04/2023","4.8770","5.0160","5.0580","4.8590","-3.00%"
"04/03/2023","5.0280","5.0190","5.1040","5.0040","0.00%"
"03/31/2023","5.0280","5.0330","5.0890","5.0030","0.00%"
"03/30/2023","5.0280","5.0150","5.1180","5.0090","-0.28%"
"03/29/2023","5.0420","4.9880","5.0570","4.9750","1.08%"
"03/28/2023","4.9880","4.9630","5.0170","4.9220","5.01%"
"03/27/2023","4.7500","4.7560","4.9720","4.7530","-2.30%"
"03/24/2023","4.8620","4.8180","4.8460","4.6160","0.00%"
"03/23/2023","4.8620","4.9090","4.9720","4.7600","-1.70%"
"03/22/2023","4.9460","5.0080","5.1240","4.8770","-1.32%"
"03/21/2023","5.0120","4.7790","5.0270","4.7360","7.76%"
"03/20/2023","4.6510","4.6370","4.8010","4.5540","-4.91%"
"03/17/2023","4.8910","4.9040","4.9480","4.6210","0.00%"
"03/16/2023","4.8910","4.5840","4.9510","4.5600","4.82%"
"03/15/2023","4.6660","4.8500","4.9830","4.3330","-4.54%"
"03/14/2023","4.8880","4.6060","5.1000","4.5960","-10.00%"
"03/13/2023","5.4310","5.2910","5.2980","4.5750","-4.70%"
"03/10/2023","5.6990","5.6590","5.6770","5.4130","0.00%"
"03/09/2023","5.6990","5.7830","5.7870","5.6580","-1.44%"
"03/08/2023","5.7820","5.7170","5.7900","5.7000","1.05%"
"03/07/2023","5.7220","5.5810","5.7330","5.5560","3.14%"
"03/06/2023","5.5480","5.5460","5.5880","5.5280","-0.23%"
"03/03/2023","5.5610","5.5510","5.5830","5.5250","0.00%"
"03/02/2023","5.5610","5.5630","5.6060","5.5240","-0.09%"
"03/01/2023","5.5660","5.5190","5.5980","5.5120","0.89%"
"02/28/2023","5.5170","5.5200","5.5410","5.5040","0.13%"
"02/27/2023","5.5100","5.5090","5.5370","5.4920","0.93%"
"02/24/2023","5.4590","5.4630","5.5210","5.4290","0.00%"
"02/23/2023","5.4590","5.4660","5.4860","5.4300","-0.07%"
"02/22/2023","5.4630","5.4630","5.4810","5.4080","1.71%"
"02/21/2023","5.3710","5.4020","5.4650","5.3800","0.00%"
"02/20/2023","5.3710","5.3740","5.3840","5.3690","0.41%"
"02/17/2023","5.3490","5.3760","5.4170","5.3580","0.00%"
"02/16/2023","5.3490","5.3610","5.3890","5.3110","-0.21%"
"02/15/2023","5.3600","5.3750","5.3960","5.3370","-0.46%"
"02/14/2023","5.3850","5.2960","5.3920","5.2480","1.64%"
"02/13/2023","5.2980","5.2970","5.3170","5.2630","0.86%"
"02/10/2023","5.2530","5.2360","5.3080","5.2340","0.00%"
"02/09/2023","5.2530","5.2310","5.2790","5.1980","0.23%"
"02/08/2023","5.2410","5.2320","5.2730","5.2050","0.13%"
"02/07/2023","5.2340","5.2450","5.2580","5.1770","2.31%"
"02/06/2023","5.1160","5.1150","5.2530","5.1130","3.02%"
"02/03/2023","4.9660","4.9900","5.1420","4.9650","0.00%"
"02/02/2023","4.9660","4.9690","4.9980","4.9460","-0.62%"
"02/01/2023","4.9970","5.0400","5.0680","4.9630","-0.85%"
"01/31/2023","5.0400","5.0590","5.0640","5.0080","-0.04%"
"01/30/2023","5.0420","5.0430","5.0730","5.0200","0.22%"
"01/27/2023","5.0310","5.0300","5.0490","5.0150","0.00%"
"01/26/2023","5.0310","5.0200","5.0410","4.9960","0.54%"
"01/25/2023","5.0040","5.0410","5.0660","5.0020","-0.81%"
"01/24/2023","5.0450","5.0700","5.0800","5.0400","-0.06%"
"01/23/2023","5.0480","5.0470","5.0730","5.0220","0.70%"
"01/20/2023","5.0130","5.0200","5.0610","5.0140","0.00%"
"01/19/2023","5.0130","4.9830","5.0450","4.9680","0.28%"
"01/18/2023","4.9990","5.0470","5.0580","4.9800","-0.91%"
"01/17/2023","5.0450","5.0540","5.0750","5.0210","0.00%"
"01/16/2023","5.0450","5.0440","5.0540","5.0360","0.32%"
"01/13/2023","5.0290","5.0450","5.0650","4.9980","0.00%"
"01/12/2023","5.0290","5.0530","5.0870","4.9970","-0.79%"
"01/11/2023","5.0690","5.0700","5.0830","5.0320","-0.14%"
"01/10/2023","5.0760","5.0440","5.0890","5.0400","0.00%"
"01/09/2023","5.0760","5.0770","5.1020","5.0290","-1.80%"
"01/06/2023","5.1690","5.1740","5.1970","5.0590","0.00%"
"01/05/2023","5.1690","5.0900","5.1890","5.0860","1.08%"
"01/04/2023","5.1140","5.0970","5.1170","5.0570","0.20%"
"01/03/2023","5.1040","5.1110","5.1180","5.0600","0.57%"
"01/02/2023","5.0750","5.0750","5.0750","5.0750","0.00%"
"12/30/2022","5.0750","5.0730","5.1230","5.0630","0.00%"
"12/29/2022","5.0750","5.0650","5.0840","5.0360","-0.04%"
"12/28/2022","5.0770","5.0730","5.0870","5.0490","0.12%"
"12/27/2022","5.0710","5.0400","5.0710","5.0190","1.06%"
"12/26/2022","5.0180","5.0180","5.0180","5.0180","0.00%"
"12/23/2022","5.0180","5.0260","5.0470","5.0040","0.00%"
"12/22/2022","5.0180","4.9980","5.0260","4.9740","0.58%"
"12/21/2022","4.9890","5.0340","5.0360","4.9790","-0.97%"
"12/20/2022","5.0380","5.0330","5.0680","5.0270","0.54%"
"12/19/2022","5.0110","5.0100","5.0390","4.9990","-0.87%"
"12/16/2022","5.0550","5.0510","5.0790","4.9900","0.00%"
"12/15/2022","5.0550","5.0150","5.0650","5.0130","0.70%"
"12/14/2022","5.0200","5.0180","5.0850","4.9570","0.02%"
"12/13/2022","5.0190","5.1320","5.1380","4.9770","-1.78%"
"12/12/2022","5.1100","5.1110","5.1510","5.0910","0.37%"
"12/09/2022","5.0910","5.0890","5.1110","5.0600","0.00%"
"12/08/2022","5.0910","5.0710","5.0980","5.0610","0.59%"
"12/07/2022","5.0610","5.1130","5.1210","5.0440","-0.92%"
"12/06/2022","5.1080","5.1400","5.1470","5.1010","-0.47%"
"12/05/2022","5.1320","5.0570","5.1520","5.0560","1.62%"
"12/02/2022","5.0500","5.0380","5.1310","4.9830","0.00%"
"12/01/2022","5.0500","5.0960","5.1190","5.0340","-1.29%"
"11/30/2022","5.1160","5.1570","5.2180","5.0820","-0.85%"
"11/29/2022","5.1600","5.1340","5.1680","5.1170","-0.15%"
"11/28/2022","5.1680","5.1670","5.1730","5.1310","0.37%"
"11/25/2022","5.1490","5.1490","5.1900","5.1350","0.00%"
"11/24/2022","5.1490","5.1570","5.1670","5.1210","-0.48%"
"11/23/2022","5.1740","5.1870","5.2480","5.1570","-0.33%"
"11/22/2022","5.1910","5.1960","5.2060","5.1500","0.33%"
"11/21/2022","5.1740","5.1700","5.1930","5.1610","1.00%"
"11/18/2022","5.1230","5.1240","5.1730","5.1080","0.00%"
"11/17/2022","5.1230","5.0790","5.1610","5.0670","0.93%"
"11/16/2022","5.0760","5.0620","5.1030","5.0350","0.14%"
"11/15/2022","5.0690","5.0890","5.0950","5.0450","0.68%"
"11/14/2022","5.0350","5.0360","5.1190","5.0350","-0.06%"
"11/11/2022","5.0380","5.0540","5.0740","5.0350","0.00%"
"11/10/2022","5.0380","5.1790","5.2200","5.0070","-3.12%"
"11/09/2022","5.2000","5.1980","5.2390","5.1630","0.00%"
"11/08/2022","5.2000","5.2110","5.2410","5.1820","0.12%"
"11/07/2022","5.1940","5.1950","5.2310","5.1870","-0.65%"
"11/04/2022","5.2280","5.2280","5.2990","5.1770","0.00%"
"11/03/2022","5.2280","5.1630","5.2560","5.1510","1.61%"
"11/02/2022","5.1450","5.1240","5.1990","5.0350","0.61%"
"11/01/2022","5.1140","5.0670","5.1260","5.0080","2.24%"
"10/31/2022","5.0020","5.0090","5.0810","5.0040","1.89%"
"10/28/2022","4.9090","4.8820","5.0080","4.8530","0.00%"
"10/27/2022","4.9090","4.9510","4.9920","4.8630","-0.73%"
"10/26/2022","4.9450","5.0080","5.0130","4.9280","-1.20%"
"10/25/2022","5.0050","5.0170","5.0280","4.9480","0.02%"
"10/24/2022","5.0040","5.0020","5.0270","4.9470","-1.48%"
"10/21/2022","5.0790","5.0860","5.1080","4.9630","0.00%"
"10/20/2022","5.0790","5.0310","5.0870","5.0240","1.11%"
"10/19/2022","5.0230","4.9560","5.0330","4.9490","1.35%"
"10/18/2022","4.9560","4.9830","4.9900","4.9450","-0.90%"
"10/17/2022","5.0010","5.0010","5.0090","4.9430","2.08%"
"10/14/2022","4.8990","4.9230","5.0060","4.8850","0.00%"
"10/13/2022","4.8990","4.7160","4.9570","4.7090","3.90%"
"10/12/2022","4.7150","4.7120","4.7480","4.6710","0.51%"
"10/11/2022","4.6910","4.7230","4.7400","4.6800","0.00%"
"10/10/2022","4.6910","4.6910","4.6910","4.6910","2.24%"
"10/07/2022","4.5880","4.6070","4.7010","4.5960","0.00%"
"10/06/2022","4.5880","4.5240","4.6060","4.5100","1.37%"
"10/05/2022","4.5260","4.4870","4.5580","4.4630","0.49%"
"10/04/2022","4.5040","4.4970","4.5160","4.4150","-1.66%"
"10/03/2022","4.5800","4.5720","4.5750","4.4360","1.44%"
"09/30/2022","4.5150","4.5420","4.5870","4.4860","0.00%"
"09/29/2022","4.5150","4.4950","4.5990","4.4830","1.12%"
"09/28/2022","4.4650","4.5510","4.5720","4.4130","-2.17%"
"09/27/2022","4.5640","4.6470","4.6550","4.5360","-1.38%"
"09/26/2022","4.6280","4.6390","4.7040","4.6040","0.72%"
"09/23/2022","4.5950","4.5910","4.6790","4.5640","0.00%"
"09/22/2022","4.5950","4.5510","4.6130","4.5170","2.18%"
"09/21/2022","4.4970","4.4550","4.5910","4.4180","1.26%"
"09/20/2022","4.4410","4.4250","4.4660","4.4120","0.48%"
"09/19/2022","4.4200","4.3710","4.4490","4.3690","1.26%"
"09/16/2022","4.3650","4.3870","4.4330","4.3570","-0.37%"
"09/15/2022","4.3810","4.3220","4.3940","4.3160","1.44%"
"09/14/2022","4.3190","4.2050","4.3570","4.1950","2.49%"
"09/13/2022","4.2140","4.0080","4.2420","3.9650","5.38%"
"09/12/2022","3.9990","4.0070","4.0140","3.9740","-0.12%"
"09/09/2022","4.0040","3.9610","4.0110","3.9290","1.26%"
"09/08/2022","3.9540","3.9110","3.9750","3.9020","0.79%"
"09/07/2022","3.9230","3.9400","3.9700","3.9040","-0.20%"
"09/06/2022","3.9310","3.8730","3.9430","3.8690","2.21%"
"09/05/2022","3.8460","3.8460","3.8460","3.8460","0.10%"
"09/02/2022","3.8420","3.9300","3.9350","3.8370","-2.24%"
"09/01/2022","3.9300","3.8970","3.9540","3.8740","1.37%"
"08/31/2022","3.8770","3.8750","3.9110","3.8620","-0.23%"
"08/30/2022","3.8860","3.8320","3.9110","3.8190","1.20%"
"08/29/2022","3.8400","3.8190","3.8670","3.8030","1.13%"
"08/26/2022","3.7970","3.7870","3.8390","3.7510","0.24%"
"08/25/2022","3.7880","3.7740","3.7960","3.7380","0.26%"
"08/24/2022","3.7780","3.7530","3.7850","3.7250","0.72%"
"08/23/2022","3.7510","3.7350","3.7780","3.6860","-0.32%"
"08/22/2022","3.7630","3.6750","3.7700","3.6650","2.14%"
"08/19/2022","3.6840","3.6660","3.7040","3.6540","0.24%"
"08/18/2022","3.6750","3.6980","3.7290","3.6520","-0.51%"
"08/17/2022","3.6940","3.6640","3.7540","3.6600","0.87%"
"08/16/2022","3.6620","3.6330","3.6770","3.6190","-0.11%"
"08/15/2022","3.6660","3.6670","3.6840","3.6200","0.69%"
"08/12/2022","3.6410","3.6350","3.6710","3.6090","0.00%"
"08/11/2022","3.6410","3.6240","3.6530","3.5580","0.39%"
"08/10/2022","3.6270","3.6690","3.6950","3.4940","-1.20%"
"08/09/2022","3.6710","3.6390","3.6770","3.6250","0.88%"
"08/08/2022","3.6390","3.6370","3.6720","3.6250","4.30%"
"08/05/2022","3.4890","3.4910","3.6690","3.4860","0.00%"
"08/04/2022","3.4890","3.4810","3.5320","3.4650","-0.63%"
"08/03/2022","3.5110","3.4480","3.5630","3.4260","1.18%"
"08/02/2022","3.4700","3.3370","3.4780","3.3060","3.71%"
"08/01/2022","3.3460","3.3410","3.3870","3.3340","1.06%"
"07/29/2022","3.3110","3.3080","3.3860","3.2840","0.00%"
"07/28/2022","3.3110","3.3930","3.4130","3.2590","-2.16%"
"07/27/2022","3.3840","3.4320","3.4830","3.3620","-0.99%"
"07/26/2022","3.4180","3.4110","3.4410","3.3900","1.09%"
"07/25/2022","3.3810","3.3630","3.4280","3.3600","-2.17%"
"07/22/2022","3.4560","3.4680","3.5020","3.3000","0.00%"
"07/21/2022","3.4560","3.5450","3.5950","3.4560","-2.76%"
"07/20/2022","3.5540","3.5510","3.5620","3.5050","0.54%"
"07/19/2022","3.5350","3.4970","3.5530","3.4780","1.14%"
"07/18/2022","3.4950","3.4970","3.5260","3.4790","-1.58%"
"07/15/2022","3.5510","3.5370","3.5810","3.4820","0.00%"
"07/14/2022","3.5510","3.5100","3.6630","3.4870","1.54%"
"07/13/2022","3.4970","3.3410","3.5210","3.3260","4.64%"
"07/12/2022","3.3420","3.3780","3.3830","3.3050","-2.05%"
"07/11/2022","3.4120","3.4150","3.4240","3.3430","-0.20%"
"07/08/2022","3.4190","3.3270","3.4280","3.3110","2.21%"
"07/07/2022","3.3450","3.2960","3.3600","3.2800","2.23%"
"07/06/2022","3.2720","3.2060","3.3060","3.1440","2.57%"
"07/05/2022","3.1900","3.2660","3.2980","3.1670","-0.53%"
"07/04/2022","3.2070","3.2070","3.2070","3.2070","-0.03%"
"07/01/2022","3.2080","3.2790","3.2990","3.1070","-1.38%"
"06/30/2022","3.2530","3.3340","3.3450","3.2480","-3.04%"
"06/29/2022","3.3550","3.3450","3.3740","3.3200","0.27%"
"06/28/2022","3.3460","3.3320","3.3650","3.3070","0.60%"
"06/27/2022","3.3260","3.2960","3.3500","3.2740","1.09%"
"06/24/2022","3.2900","3.3130","3.3470","3.2280","-0.42%"
"06/23/2022","3.3040","3.3380","3.3710","3.2080","-0.84%"
"06/22/2022","3.3320","3.4270","3.4400","3.3190","-2.60%"
"06/21/2022","3.4210","3.4440","3.4610","3.4080","0.18%"
"06/20/2022","3.4150","3.3930","3.4190","3.3920","0.86%"
"06/17/2022","3.3860","3.3720","3.4400","3.3520","-0.32%"
"06/16/2022","3.3970","3.5340","3.5410","3.3610","-5.61%"
"06/15/2022","3.5990","3.5030","3.6450","3.3900","3.30%"
"06/14/2022","3.4840","3.3860","3.5060","3.3710","7.04%"
"06/13/2022","3.2550","3.0740","3.4160","3.0580","7.00%"
"06/10/2022","3.0420","2.8370","3.0800","2.8290","7.19%"
"06/09/2022","2.8380","2.7780","2.8480","2.7740","2.20%"
"06/08/2022","2.7770","2.7410","2.7880","2.7380","1.28%"
"06/07/2022","2.7420","2.7430","2.7640","2.7280","-0.07%"
"06/06/2022","2.7440","2.7010","2.7490","2.6880","1.52%"
"06/03/2022","2.7030","2.6780","2.7150","2.6720","0.37%"
"06/02/2022","2.6930","2.6740","2.7080","2.6600","0.60%"
"06/01/2022","2.6770","2.6120","2.6890","2.6060","4.98%"
"05/31/2022","2.5500","2.5790","2.6250","2.5660","0.00%"
"05/30/2022","2.5500","2.5210","2.5500","2.5140","1.63%"
"05/27/2022","2.5090","2.5080","2.5200","2.4900","0.08%"
"05/26/2022","2.5070","2.4920","2.5240","2.4650","0.36%"
"05/25/2022","2.4980","2.4990","2.5210","2.4720","0.08%"
"05/24/2022","2.4960","2.5800","2.5870","2.4870","-3.29%"
"05/23/2022","2.5810","2.5450","2.5900","2.5450","1.14%"
"05/20/2022","2.5520","2.5590","2.5850","2.5180","-0.27%"
"05/19/2022","2.5590","2.5660","2.5760","2.5340","-0.58%"
"05/18/2022","2.5740","2.5650","2.6010","2.5470","0.00%"
"05/17/2022","2.5740","2.5010","2.5850","2.4900","3.08%"
"05/16/2022","2.4970","2.4960","2.5190","2.4750","-0.04%"
"05/13/2022","2.4980","2.4710","2.5140","2.4600","2.67%"
"05/12/2022","2.4330","2.4890","2.5160","2.4180","-2.17%"
"05/11/2022","2.4870","2.4500","2.5580","2.4270","1.47%"
"05/10/2022","2.4510","2.4190","2.4630","2.3960","0.95%"
"05/09/2022","2.4280","2.5340","2.5490","2.4060","-3.42%"
"05/06/2022","2.5140","2.5200","2.5680","2.4930","-0.55%"
"05/05/2022","2.5280","2.5000","2.5500","2.4780","2.10%"
"05/04/2022","2.4760","2.5660","2.6620","2.4760","-3.43%"
"05/03/2022","2.5640","2.5210","2.5760","2.5150","1.75%"
"05/02/2022","2.5200","2.5220","2.5590","2.4990","-0.08%"
"04/29/2022","2.5220","2.4380","2.5610","2.4190","2.60%"
"04/28/2022","2.4580","2.3750","2.4740","2.3700","3.89%"
"04/27/2022","2.3660","2.3230","2.3980","2.3130","-0.13%"
"04/26/2022","2.3690","2.3920","2.4260","2.3150","-1.21%"
"04/25/2022","2.3980","2.4110","2.4230","2.3370","-2.20%"
"04/22/2022","2.4520","2.3580","2.4780","2.3540","3.59%"
"04/21/2022","2.3670","2.2120","2.4070","2.2120","5.53%"
"04/20/2022","2.2430","2.2150","2.2730","2.1810","2.05%"
"04/19/2022","2.1980","2.1230","2.2230","2.1180","3.97%"
"04/18/2022","2.1140","2.1170","2.1680","2.1140","-0.70%"
"04/15/2022","2.1290","2.1290","2.1290","2.1290","0.00%"
"04/14/2022","2.1290","2.0580","2.1470","2.0310","4.16%"
"04/13/2022","2.0440","2.0650","2.1140","2.0130","-0.10%"
"04/12/2022","2.0460","2.1030","2.1470","2.0300","-3.08%"
"04/11/2022","2.1110","2.1060","2.1530","2.1030","2.38%"
"04/08/2022","2.0620","2.0490","2.1250","2.0460","0.00%"
"04/07/2022","2.0620","2.0600","2.0760","2.0330","-0.39%"
"04/06/2022","2.0700","2.0630","2.1100","2.0260","0.10%"
"04/05/2022","2.0680","2.0030","2.0860","1.9840","3.04%"
"04/04/2022","2.0070","2.0120","2.0380","1.9740","0.80%"
"04/01/2022","1.9910","1.9440","2.0280","1.9320","3.81%"
"03/31/2022","1.9180","1.9240","1.9490","1.8800","-0.31%"
"03/30/2022","1.9240","1.9760","1.9830","1.9110","-1.59%"
"03/29/2022","1.9550","1.9940","2.0460","1.9370","-2.54%"
"03/28/2022","2.0060","1.9500","2.0260","1.9400","2.61%"
"03/25/2022","1.9550","1.8780","1.9840","1.8650","4.77%"
"03/24/2022","1.8660","1.8150","1.8820","1.8060","2.41%"
"03/23/2022","1.8220","1.8370","1.8640","1.8020","-0.49%"
"03/22/2022","1.8310","1.8000","1.8730","1.7940","0.83%"
"03/21/2022","1.8160","1.6690","1.8220","1.6690","8.68%"
"03/18/2022","1.6710","1.6310","1.6870","1.6180","1.52%"
"03/17/2022","1.6460","1.6430","1.6740","1.6250","-1.20%"
"03/16/2022","1.6660","1.5890","1.7040","1.5790","4.71%"
"03/15/2022","1.5910","1.5840","1.6070","1.5480","0.44%"
"03/14/2022","1.5840","1.5070","1.5990","1.4950","5.32%"
"03/11/2022","1.5040","1.4620","1.5160","1.4510","1.76%"
"03/10/2022","1.4780","1.4220","1.5140","1.4110","4.01%"
"03/09/2022","1.4210","1.3840","1.4370","1.3720","1.79%"
"03/08/2022","1.3960","1.3160","1.4070","1.3040","5.76%"
"03/07/2022","1.3200","1.2740","1.3300","1.2420","3.61%"
"03/04/2022","1.2740","1.2660","1.2960","1.2240","0.87%"
"03/03/2022","1.2630","1.1880","1.2860","1.1520","6.22%"
"03/02/2022","1.1890","1.0510","1.2030","1.0190","17.37%"
"03/01/2022","1.0130","1.1290","1.1640","0.9740","-10.75%"
"02/28/2022","1.1350","1.2290","1.2290","1.1250","-9.42%"
"02/25/2022","1.2530","1.2290","1.2770","1.2090","3.64%"
"02/24/2022","1.2090","1.2620","1.2660","1.1640","-4.28%"
"02/23/2022","1.2630","1.2420","1.2770","1.2280","9.35%"
"02/22/2022","1.1550","1.1550","1.2550","1.1360","0.00%"
"02/21/2022","1.1550","1.1640","1.1700","1.1460","-1.45%"
"02/18/2022","1.1720","1.1880","1.2050","1.1550","-1.60%"
"02/17/2022","1.1910","1.2150","1.2200","1.1670","-2.06%"
"02/16/2022","1.2160","1.2420","1.2660","1.1880","-1.78%"
"02/15/2022","1.2380","1.2500","1.2840","1.2250","0.08%"
"02/14/2022","1.2370","1.2420","1.2990","1.2230","2.32%"
"02/11/2022","1.2090","1.2440","1.3090","1.1970","0.00%"
"02/10/2022","1.2090","1.0310","1.2750","1.0220","19.11%"
"02/09/2022","1.0150","1.0050","1.0320","0.9910","1.30%"
"02/08/2022","1.0020","0.9750","1.0090","0.9540","2.66%"
"02/07/2022","0.9760","0.9830","0.9990","0.9700","-1.41%"
"02/04/2022","0.9900","0.8830","0.9920","0.8660","13.66%"
"02/03/2022","0.8710","0.8400","0.8860","0.8280","3.32%"
"02/02/2022","0.8430","0.8480","0.8610","0.8230","-0.71%"
"02/01/2022","0.8490","0.8740","0.8810","0.8370","-0.70%"
"01/31/2022","0.8550","0.8430","0.8960","0.8390","0.94%"
"01/28/2022","0.8470","0.8450","0.8850","0.8340","0.95%"
"01/27/2022","0.8390","0.7990","0.8590","0.7960","11.57%"
"01/26/2022","0.7520","0.7140","0.8060","0.7110","5.47%"
"01/25/2022","0.7130","0.6980","0.7190","0.6830","4.09%"
"01/24/2022","0.6850","0.7070","0.7350","0.6770","-2.56%"
"01/21/2022","0.7030","0.7160","0.7260","0.7010","-4.09%"
"01/20/2022","0.7330","0.7340","0.7400","0.7090","2.52%"
"01/19/2022","0.7150","0.7380","0.7500","0.7020","1.85%"
"01/18/2022","0.7020","0.7010","0.7400","0.6980","0.00%"
"01/17/2022","0.7020","0.6710","0.7020","0.6680","5.41%"
"01/14/2022","0.6660","0.6340","0.6690","0.6340","4.88%"
"01/13/2022","0.6350","0.6410","0.6490","0.6290","0.95%"
"01/12/2022","0.6290","0.6160","0.6370","0.6150","0.48%"
"01/11/2022","0.6260","0.6220","0.6460","0.6150","0.16%"
"01/10/2022","0.6250","0.6060","0.6280","0.6020","4.34%"
"01/07/2022","0.5990","0.5940","0.6320","0.5900","-1.32%"
"01/06/2022","0.6070","0.5710","0.6120","0.5690","5.38%"
"01/05/2022","0.5760","0.5230","0.5850","0.5200","10.34%"
"01/04/2022","0.5220","0.5330","0.5420","0.5180","-2.43%"
"01/03/2022","0.5350","0.5270","0.5390","0.5220","1.52%"
"12/31/2021","0.5270","0.5260","0.5300","0.5150","0.00%"
"12/30/2021","0.5270","0.5390","0.5430","0.5190","-1.86%"
"12/29/2021","0.5370","0.5380","0.5400","0.5250","0.75%"
"12/28/2021","0.5330","0.5300","0.5380","0.5230","0.38%"
"12/27/2021","0.5310","0.5250","0.5390","0.5210","0.95%"
"12/24/2021","0.5260","0.5260","0.5260","0.5180","0.00%"
"12/23/2021","0.5260","0.5130","0.5280","0.5080","2.14%"
"12/22/2021","0.5150","0.5070","0.5240","0.5020","1.18%"
"12/21/2021","0.5090","0.4880","0.5110","0.4820","4.52%"
"12/20/2021","0.4870","0.4890","0.4960","0.4670","-1.02%"
"12/17/2021","0.4920","0.4610","0.5060","0.4530","6.26%"
"12/16/2021","0.4630","0.4620","0.4720","0.4460","-1.91%"
"12/15/2021","0.4720","0.4300","0.4860","0.4290","10.02%"
"12/14/2021","0.4290","0.4140","0.4420","0.4130","4.38%"
"12/13/2021","0.4110","0.4280","0.4360","0.4090","-3.07%"
"12/10/2021","0.4240","0.4430","0.4570","0.4090","-2.30%"
"12/09/2021","0.4340","0.4240","0.4430","0.4170","3.58%"
"12/08/2021","0.4190","0.4400","0.4570","0.4160","-4.34%"
"12/07/2021","0.4380","0.4100","0.4450","0.4050","15.87%"
"12/06/2021","0.3780","0.3820","0.4140","0.3790","-4.30%"
"12/03/2021","0.3950","0.3930","0.4230","0.3750","0.00%"
"12/02/2021","0.3950","0.3660","0.4040","0.3660","7.05%"
"12/01/2021","0.3690","0.3740","0.4050","0.3680","2.79%"
"11/30/2021","0.3590","0.3250","0.3820","0.2930","5.90%"
"11/29/2021","0.3390","0.3400","0.3740","0.3340","-18.71%"
"11/26/2021","0.4170","0.4150","0.4190","0.3260","0.00%"
"11/25/2021","0.4170","0.4150","0.4290","0.4120","0.97%"
"11/24/2021","0.4130","0.3900","0.4180","0.3760","7.27%"
"11/23/2021","0.3850","0.3910","0.4080","0.3830","10.00%"
"11/22/2021","0.3500","0.3510","0.4000","0.3510","7.69%"
"11/19/2021","0.3250","0.3230","0.3530","0.3030","0.00%"
"11/18/2021","0.3250","0.3150","0.3280","0.3140","0.31%"
"11/17/2021","0.3240","0.3260","0.3370","0.3160","-1.82%"
"11/16/2021","0.3300","0.3310","0.3430","0.3210","0.61%"
"11/15/2021","0.3280","0.3310","0.3380","0.3210","-1.20%"
"11/12/2021","0.3320","0.3310","0.3390","0.3160","0.00%"
"11/11/2021","0.3320","0.3140","0.3340","0.3120","9.21%"
"11/10/2021","0.3040","0.2660","0.3180","0.2650","16.03%"
"11/09/2021","0.2620","0.2740","0.2830","0.2590","-1.13%"
"11/08/2021","0.2650","0.2620","0.2830","0.2580","-1.85%"
"11/05/2021","0.2700","0.2750","0.2870","0.2510","0.00%"
"11/04/2021","0.2700","0.2940","0.2980","0.2640","-8.47%"
"11/03/2021","0.2950","0.2810","0.3120","0.2740","2.79%"
"11/02/2021","0.2870","0.3140","0.3220","0.2770","-4.65%"
"11/01/2021","0.3010","0.3050","0.3220","0.3010","3.44%"
"10/29/2021","0.2910","0.2860","0.3170","0.2770","0.00%"
"10/28/2021","0.2910","0.2830","0.3210","0.2720","6.59%"
"10/27/2021","0.2730","0.2610","0.2860","0.2550","5.41%"
"10/26/2021","0.2590","0.2570","0.2630","0.2530","0.78%"
"10/25/2021","0.2570","0.2610","0.2680","0.2500","6.64%"
"10/22/2021","0.2410","0.2500","0.2660","0.2430","0.00%"
"10/21/2021","0.2410","0.2280","0.2520","0.2250","9.55%"
"10/20/2021","0.2200","0.2270","0.2380","0.2070","0.92%"
"10/19/2021","0.2180","0.2320","0.2330","0.2120","1.40%"
"10/18/2021","0.2150","0.2140","0.2450","0.2140","9.69%"
"10/15/2021","0.1960","0.2000","0.2200","0.1970","0.00%"
"10/14/2021","0.1960","0.1930","0.2010","0.1900","-0.51%"
"10/13/2021","0.1970","0.1850","0.2010","0.1830","16.57%"
"10/12/2021","0.1690","0.1790","0.1870","0.1780","0.00%"
"10/11/2021","0.1690","0.1690","0.1800","0.1690","3.68%"
"10/08/2021","0.1630","0.1630","0.1720","0.1590","0.00%"
"10/07/2021","0.1630","0.1570","0.1640","0.1570","1.88%"
"10/06/2021","0.1600","0.1600","0.1660","0.1560","0.00%"
"10/05/2021","0.1600","0.1570","0.1600","0.1530","0.00%"
"10/04/2021","0.1600","0.1560","0.1610","0.1530","-2.44%"
"10/01/2021","0.1640","0.1610","0.1630","0.1550","0.00%"
"09/30/2021","0.1640","0.1650","0.1680","0.1560","-1.20%"
"09/29/2021","0.1660","0.1710","0.1780","0.1600","-3.49%"
"09/28/2021","0.1720","0.1710","0.1770","0.1630","5.52%"
"09/27/2021","0.1630","0.1630","0.1730","0.1590","-2.40%"
"09/24/2021","0.1670","0.1600","0.1710","0.1550","0.00%"
"09/23/2021","0.1670","0.1560","0.1680","0.1560","3.09%"
"09/22/2021","0.1620","0.1550","0.1640","0.1520","3.18%"
"09/21/2021","0.1570","0.1560","0.1580","0.1530","2.61%"
"09/20/2021","0.1530","0.1520","0.1560","0.1520","0.66%"
"09/17/2021","0.1520","0.1520","0.1550","0.1510","0.00%"
"09/16/2021","0.1520","0.1490","0.1530","0.1490","1.33%"
"09/15/2021","0.1500","0.1450","0.1510","0.1440","3.45%"
"09/14/2021","0.1450","0.1470","0.1490","0.1450","-3.33%"
"09/13/2021","0.1500","0.1500","0.1520","0.1470","1.35%"
"09/10/2021","0.1480","0.1470","0.1500","0.1470","0.00%"
"09/09/2021","0.1480","0.1480","0.1490","0.1460","0.68%"
"09/08/2021","0.1470","0.1460","0.1480","0.1450","2.80%"
"09/07/2021","0.1430","0.1430","0.1460","0.1420","0.00%"
"09/06/2021","0.1430","0.1440","0.1450","0.1390","-2.05%"
"09/03/2021","0.1460","0.1480","0.1480","0.1430","0.00%"
"09/02/2021","0.1460","0.1450","0.1470","0.1450","0.00%"
"09/01/2021","0.1460","0.1460","0.1470","0.1450","0.00%"
"08/31/2021","0.1460","0.1420","0.1460","0.1410","-1.35%"
"08/30/2021","0.1480","0.1470","0.1490","0.1420","0.00%"
"08/27/2021","0.1480","0.1560","0.1580","0.1460","-5.13%"
"08/26/2021","0.1560","0.1570","0.1590","0.1540","0.00%"
"08/25/2021","0.1560","0.1590","0.1600","0.1550","-1.89%"
"08/24/2021","0.1590","0.1560","0.1610","0.1550","3.25%"
"08/23/2021","0.1540","0.1530","0.1580","0.1530","-1.91%"
"08/20/2021","0.1570","0.1570","0.1590","0.1510","0.00%"
"08/19/2021","0.1570","0.1500","0.1600","0.1460","3.97%"
"08/18/2021","0.1510","0.1480","0.1540","0.1440","1.34%"
"08/17/2021","0.1490","0.1460","0.1490","0.1430","2.05%"
"08/16/2021","0.1460","0.1470","0.1470","0.1380","-3.31%"
"08/13/2021","0.1510","0.1500","0.1510","0.1450","0.00%"
"08/12/2021","0.1510","0.1490","0.1510","0.1460","2.03%"
"08/11/2021","0.1480","0.1520","0.1560","0.1460","-3.27%"
"08/10/2021","0.1530","0.1490","0.1530","0.1460","3.38%"
"08/09/2021","0.1480","0.1480","0.1500","0.1450","2.07%"
"08/06/2021","0.1450","0.1440","0.1510","0.1440","0.00%"
"08/05/2021","0.1450","0.1340","0.1460","0.1330","7.41%"
"08/04/2021","0.1350","0.1340","0.1390","0.1320","0.00%"
"08/03/2021","0.1350","0.1370","0.1410","0.1330","-2.17%"
"08/02/2021","0.1380","0.1370","0.1410","0.1350","-5.48%"
"07/30/2021","0.1460","0.1460","0.1470","0.1370","0.00%"
"07/29/2021","0.1460","0.1490","0.1530","0.1450","-3.95%"
"07/28/2021","0.1520","0.1520","0.1540","0.1490","0.00%"
"07/27/2021","0.1520","0.1540","0.1560","0.1510","-1.30%"
"07/26/2021","0.1540","0.1530","0.1560","0.1500","-0.65%"
"07/23/2021","0.1550","0.1550","0.1580","0.1510","0.00%"
"07/22/2021","0.1550","0.1630","0.1660","0.1540","-4.91%"
"07/21/2021","0.1630","0.1610","0.1640","0.1600","1.24%"
"07/20/2021","0.1610","0.1580","0.1670","0.1550","5.23%"
"07/19/2021","0.1530","0.1530","0.1650","0.1500","0.00%"
"07/16/2021","0.1530","0.1540","0.1580","0.1520","0.00%"
"07/15/2021","0.1530","0.1540","0.1590","0.1490","-1.29%"
"07/14/2021","0.1550","0.1650","0.1650","0.1510","-5.49%"
"07/13/2021","0.1640","0.1610","0.1670","0.1580","3.14%"
"07/12/2021","0.1590","0.1590","0.1620","0.1550","5.30%"
"07/09/2021","0.1510","0.1520","0.1600","0.1520","0.00%"
"07/08/2021","0.1510","0.1520","0.1550","0.1470","-1.31%"
"07/07/2021","0.1530","0.1580","0.1630","0.1510","-3.16%"
"07/06/2021","0.1580","0.1640","0.1670","0.1540","-4.24%"
"07/05/2021","0.1650","0.1650","0.1660","0.1620","-5.17%"
"07/02/2021","0.1740","0.1730","0.1770","0.1630","0.00%"
"07/01/2021","0.1740","0.1730","0.1750","0.1720","1.16%"
"06/30/2021","0.1720","0.1730","0.1760","0.1690","-0.58%"
"06/29/2021","0.1730","0.1790","0.1790","0.1710","-2.26%"
"06/28/2021","0.1770","0.1740","0.1800","0.1700","-0.56%"
"06/25/2021","0.1780","0.1780","0.1810","0.1710","0.00%"
"06/24/2021","0.1780","0.1740","0.1790","0.1710","2.30%"
"06/23/2021","0.1740","0.1640","0.1770","0.1620","5.45%"
"06/22/2021","0.1650","0.1660","0.1690","0.1600","1.23%"
"06/21/2021","0.1630","0.1640","0.1810","0.1640","6.54%"
"06/18/2021","0.1530","0.1510","0.1760","0.1510","0.00%"
"06/17/2021","0.1530","0.1500","0.1560","0.1490","-1.92%"
"06/16/2021","0.1560","0.1430","0.1640","0.1250","7.59%"
"06/15/2021","0.1450","0.1400","0.1610","0.1400","8.21%"
"06/14/2021","0.1340","0.1340","0.1430","0.1330","0.00%"
"06/11/2021","0.1340","0.1330","0.1370","0.1320","0.00%"
"06/10/2021","0.1340","0.1330","0.1370","0.1320","0.75%"
"06/09/2021","0.1330","0.1350","0.1350","0.1300","-1.48%"
"06/08/2021","0.1350","0.1330","0.1350","0.1330","0.75%"
"06/07/2021","0.1340","0.1330","0.1350","0.1320","-4.29%"
"06/04/2021","0.1400","0.1390","0.1400","0.1340","0.00%"
"06/03/2021","0.1400","0.1360","0.1410","0.1360","2.94%"
"06/02/2021","0.1360","0.1340","0.1380","0.1320","1.49%"
"06/01/2021","0.1340","0.1350","0.1380","0.1320","0.00%"
"05/31/2021","0.1340","0.1360","0.1370","0.1350","-0.74%"
"05/28/2021","0.1350","0.1350","0.1500","0.1320","0.00%"
"05/27/2021","0.1350","0.1420","0.1460","0.1330","-3.57%"
"05/26/2021","0.1400","0.1490","0.1500","0.1370","-6.04%"
"05/25/2021","0.1490","0.1530","0.1540","0.1470","-6.87%"
"05/24/2021","0.1600","0.1600","0.1620","0.1520","0.00%"
"05/21/2021","0.1600","0.1600","0.1630","0.1590","0.00%"
"05/20/2021","0.1600","0.1630","0.1640","0.1590","-2.44%"
"05/19/2021","0.1640","0.1640","0.1660","0.1590","0.61%"
"05/18/2021","0.1630","0.1650","0.1660","0.1600","-4.12%"
"05/17/2021","0.1700","0.1710","0.1710","0.1620","-2.30%"
"05/14/2021","0.1740","0.1730","0.1810","0.1700","0.00%"
"05/13/2021","0.1740","0.1770","0.1780","0.1710","-2.25%"
"05/12/2021","0.1780","0.1780","0.1890","0.1730","-0.56%"
"05/11/2021","0.1790","0.1800","0.1830","0.1770","-0.56%"
"05/10/2021","0.1800","0.1790","0.1860","0.1760","-1.64%"
"05/07/2021","0.1830","0.1850","0.1860","0.1750","0.00%"
"05/06/2021","0.1830","0.1900","0.1970","0.1820","-5.18%"
"05/05/2021","0.1930","0.1940","0.1970","0.1890","-1.53%"
"05/04/2021","0.1960","0.1990","0.2020","0.1950","-1.01%"
"05/03/2021","0.1980","0.1990","0.2040","0.1980","-1.49%"
"04/30/2021","0.2010","0.1980","0.2030","0.1980","0.00%"
"04/29/2021","0.2010","0.2010","0.2040","0.1980","-0.50%"
"04/28/2021","0.2020","0.2040","0.2090","0.2020","-0.49%"
"04/27/2021","0.2030","0.2000","0.2060","0.1980","2.53%"
"04/26/2021","0.1980","0.1980","0.2020","0.1980","1.54%"
"04/23/2021","0.1950","0.1950","0.1980","0.1950","0.00%"
"04/22/2021","0.1950","0.1950","0.1960","0.1940","-0.51%"
"04/21/2021","0.1960","0.2010","0.2030","0.1940","-2.49%"
"04/20/2021","0.2010","0.2050","0.2070","0.2000","-2.90%"
"04/19/2021","0.2070","0.2050","0.2250","0.2030","2.48%"
"04/16/2021","0.2020","0.2060","0.2090","0.2020","0.00%"
"04/15/2021","0.2020","0.2000","0.2050","0.1950","1.00%"
"04/14/2021","0.2000","0.2010","0.2020","0.1980","0.00%"
"04/13/2021","0.2000","0.2010","0.2040","0.1980","0.00%"
"04/12/2021","0.2000","0.1980","0.2190","0.1960","-0.50%"
"04/09/2021","0.2010","0.2030","0.2060","0.1970","0.00%"
"04/08/2021","0.2010","0.2050","0.2070","0.1990","-1.95%"
"04/07/2021","0.2050","0.2060","0.2080","0.1990","0.00%"
"04/06/2021","0.2050","0.2070","0.2090","0.2040","-3.30%"
"04/05/2021","0.2120","0.2110","0.2130","0.2050","3.41%"
"04/02/2021","0.2050","0.2060","0.2130","0.2040","0.00%"
"04/01/2021","0.2050","0.2070","0.2070","0.1980","-0.97%"
"03/31/2021","0.2070","0.2070","0.2090","0.2000","0.49%"
"03/30/2021","0.2060","0.2050","0.2070","0.1990","2.49%"
"03/29/2021","0.2010","0.2010","0.2060","0.1940","2.03%"
"03/26/2021","0.1970","0.1990","0.2020","0.1940","0.00%"
"03/25/2021","0.1970","0.1990","0.2030","0.1920","-1.01%"
"03/24/2021","0.1990","0.1970","0.2010","0.1930","1.02%"
"03/23/2021","0.1970","0.1970","0.2050","0.1940","1.55%"
"03/22/2021","0.1940","0.1920","0.2010","0.1890","1.57%"
"03/19/2021","0.1910","0.1900","0.1990","0.1870","0.00%"
"03/18/2021","0.1910","0.1860","0.1940","0.1840","3.24%"
"03/17/2021","0.1850","0.1940","0.1960","0.1830","-4.64%"
"03/16/2021","0.1940","0.1910","0.1950","0.1910","1.57%"
"03/15/2021","0.1910","0.1920","0.1970","0.1890","0.53%"
"03/12/2021","0.1900","0.1850","0.1930","0.1830","3.83%"
"03/11/2021","0.1830","0.1860","0.1860","0.1800","-1.08%"
"03/10/2021","0.1850","0.1810","0.1870","0.1790","1.65%"
"03/09/2021","0.1820","0.1850","0.1870","0.1790","1.68%"
"03/08/2021","0.1790","0.1800","0.1850","0.1770","1.13%"
"03/05/2021","0.1770","0.1750","0.1830","0.1740","0.00%"
"03/04/2021","0.1770","0.1790","0.1830","0.1720","-2.21%"
"03/03/2021","0.1810","0.1750","0.1830","0.1710","5.23%"
"03/02/2021","0.1720","0.1750","0.1750","0.1720","-3.37%"
"03/01/2021","0.1780","0.1790","0.1820","0.1720","-1.11%"
"02/26/2021","0.1800","0.1820","0.1910","0.1770","0.00%"
"02/25/2021","0.1800","0.1710","0.1890","0.1700","5.26%"
"02/24/2021","0.1710","0.1690","0.1760","0.1670","0.59%"
"02/23/2021","0.1700","0.1660","0.1710","0.1630","5.59%"
"02/22/2021","0.1610","0.1620","0.1670","0.1600","-1.23%"
"02/19/2021","0.1630","0.1630","0.1640","0.1590","0.00%"
"02/18/2021","0.1630","0.1620","0.1660","0.1610","-0.61%"
"02/17/2021","0.1640","0.1760","0.1770","0.1630","-4.09%"
"02/16/2021","0.1710","0.1720","0.1960","0.1690","0.00%"
"02/15/2021","0.1710","0.1710","0.1730","0.1700","-9.04%"
"02/12/2021","0.1880","0.1720","0.1720","0.1690","0.00%"
"02/11/2021","0.1880","0.1740","0.1900","0.1710","8.05%"
"02/10/2021","0.1740","0.1740","0.1910","0.1730","0.00%"
"02/09/2021","0.1740","0.1710","0.1890","0.1700","2.96%"
"02/08/2021","0.1690","0.1700","0.1730","0.1680","-2.31%"
"02/05/2021","0.1730","0.1720","0.1750","0.1680","0.00%"
"02/04/2021","0.1730","0.1740","0.1760","0.1720","0.00%"
"02/03/2021","0.1730","0.1700","0.1920","0.1670","2.98%"
"02/02/2021","0.1680","0.1660","0.1880","0.1630","1.82%"
"02/01/2021","0.1650","0.1660","0.1690","0.1640","-5.17%"
"01/29/2021","0.1740","0.1730","0.1760","0.1670","0.00%"
"01/28/2021","0.1740","0.1760","0.1780","0.1720","-1.14%"
"01/27/2021","0.1760","0.1810","0.1820","0.1740","-2.22%"
"01/26/2021","0.1800","0.1790","0.1890","0.1780","-1.10%"
"01/25/2021","0.1820","0.1950","0.1950","0.1780","0.00%"
"01/22/2021","0.1820","0.1820","0.1950","0.1800","0.00%"
"01/21/2021","0.1820","0.1860","0.1880","0.1820","-3.19%"
"01/20/2021","0.1880","0.1830","0.1990","0.1830","2.73%"
"01/19/2021","0.1830","0.1860","0.1970","0.1820","0.00%"
"01/18/2021","0.1830","0.1840","0.1950","0.1830","-2.66%"
"01/15/2021","0.1880","0.1870","0.1890","0.1830","0.00%"
"01/14/2021","0.1880","0.1940","0.1940","0.1870","-3.09%"
"01/13/2021","0.1940","0.1940","0.1970","0.1920","-0.51%"
"01/12/2021","0.1950","0.1880","0.1980","0.1880","5.98%"
"01/11/2021","0.1840","0.1850","0.1890","0.1840","-0.54%"
"01/08/2021","0.1850","0.1960","0.1970","0.1840","0.00%"
"01/07/2021","0.1850","0.1860","0.1990","0.1830","-2.12%"
"01/06/2021","0.1890","0.1760","0.1920","0.1750","7.39%"
"01/05/2021","0.1760","0.1750","0.1770","0.1730","-3.30%"
"01/04/2021","0.1820","0.1830","0.1850","0.1740","-0.55%"
"01/01/2021","0.1830","0.1820","0.1830","0.1820","0.00%"
"12/31/2020","0.1830","0.1840","0.1950","0.1790","-0.54%"
"12/30/2020","0.1840","0.1900","0.1910","0.1830","-2.65%"
"12/29/2020","0.1890","0.1860","0.1910","0.1850","2.16%"
"12/28/2020","0.1850","0.1860","0.1890","0.1830","0.00%"
"12/25/2020","0.1850","0.1850","0.1850","0.1850","0.00%"
"12/24/2020","0.1850","0.1910","0.1940","0.1810","-3.65%"
"12/23/2020","0.1920","0.1840","0.1940","0.1830","3.78%"
"12/22/2020","0.1850","0.1870","0.1880","0.1830","1.09%"
"12/21/2020","0.1830","0.1840","0.1920","0.1790","-1.61%"
"12/18/2020","0.1860","0.1850","0.1860","0.1810","0.00%"
"12/17/2020","0.1860","0.1840","0.1870","0.1820","1.09%"
"12/16/2020","0.1840","0.1810","0.1930","0.1790","1.10%"
"12/15/2020","0.1820","0.1750","0.1860","0.1730","4.00%"
"12/14/2020","0.1750","0.1720","0.1910","0.1720","1.16%"
"12/11/2020","0.1730","0.1850","0.1880","0.1710","-6.49%"
"12/10/2020","0.1850","0.1940","0.1940","0.1830","-4.15%"
"12/09/2020","0.1930","0.2030","0.2110","0.1920","-4.93%"
"12/08/2020","0.2030","0.2080","0.2090","0.1980","2.01%"
"12/07/2020","0.1990","0.1990","0.2110","0.1980","0.51%"
"12/04/2020","0.1980","0.2000","0.2110","0.1980","0.00%"
"12/03/2020","0.1980","0.2050","0.2060","0.1970","-3.41%"
"12/02/2020","0.2050","0.2090","0.2180","0.2040","-1.91%"
"12/01/2020","0.2090","0.2050","0.2110","0.2030","-0.48%"
"11/30/2020","0.2100","0.2090","0.2110","0.2020","0.00%"
"11/27/2020","0.2100","0.2090","0.2110","0.2070","0.00%"
"11/26/2020","0.2100","0.2100","0.2130","0.2060","-0.47%"
"11/25/2020","0.2110","0.2100","0.2190","0.2090","0.96%"
"11/24/2020","0.2090","0.2030","0.2190","0.2010","-3.69%"
"11/23/2020","0.2170","0.2010","0.2050","0.2010","6.37%"
"11/20/2020","0.2040","0.2020","0.2170","0.2000","0.00%"
"11/19/2020","0.2040","0.2100","0.2200","0.2030","-2.86%"
"11/18/2020","0.2100","0.2130","0.2130","0.2090","-0.94%"
"11/17/2020","0.2120","0.2090","0.2140","0.2080","0.95%"
"11/16/2020","0.2100","0.2090","0.2130","0.2080","-0.47%"
"11/13/2020","0.2110","0.2080","0.2200","0.2070","0.00%"
"11/12/2020","0.2110","0.2110","0.2260","0.2060","0.48%"
"11/11/2020","0.2100","0.2080","0.2250","0.2080","0.48%"
"11/10/2020","0.2090","0.2000","0.2130","0.1980","7.18%"
"11/09/2020","0.1950","0.1940","0.2060","0.1930","-1.52%"
"11/06/2020","0.1980","0.2110","0.2110","0.1930","0.00%"
"11/05/2020","0.1980","0.2040","0.2160","0.1960","-1.98%"
"11/04/2020","0.2020","0.2070","0.2170","0.2010","-2.42%"
"11/03/2020","0.2070","0.2040","0.2080","0.2010","3.50%"
"11/02/2020","0.2000","0.1990","0.2040","0.1970","1.01%"
"10/30/2020","0.1980","0.2000","0.2020","0.1970","0.00%"
"10/29/2020","0.1980","0.1990","0.2020","0.1970","-1.00%"
"10/28/2020","0.2000","0.2000","0.2020","0.1970","-0.50%"
"10/27/2020","0.2010","0.2040","0.2060","0.1990","-0.99%"
"10/26/2020","0.2030","0.2020","0.2060","0.1990","1.50%"
"10/23/2020","0.2000","0.2010","0.2040","0.1990","0.00%"
"10/22/2020","0.2000","0.1960","0.2010","0.1940","1.52%"
"10/21/2020","0.1970","0.2000","0.2010","0.1940","-0.51%"
"10/20/2020","0.1980","0.1970","0.2000","0.1960","-1.49%"
"10/19/2020","0.2010","0.2000","0.2090","0.1960","0.00%"
"10/16/2020","0.2010","0.2010","0.2020","0.1970","0.00%"
"10/15/2020","0.2010","0.2030","0.2050","0.1990","-1.47%"
"10/14/2020","0.2040","0.2070","0.2080","0.2030","-2.86%"
"10/13/2020","0.2100","0.2060","0.2110","0.2050","0.00%"
"10/12/2020","0.2100","0.2090","0.2100","0.2070","1.45%"
"10/09/2020","0.2070","0.2070","0.2110","0.2040","0.00%"
"10/08/2020","0.2070","0.2120","0.2130","0.2060","-2.82%"
"10/07/2020","0.2130","0.2110","0.2150","0.2090","1.91%"
"10/06/2020","0.2090","0.2050","0.2120","0.2020","0.97%"
"10/05/2020","0.2070","0.2060","0.2080","0.1990","-0.48%"
"10/02/2020","0.2080","0.2070","0.2080","0.2030","0.00%"
"10/01/2020","0.2080","0.2070","0.2110","0.2040","0.00%"
"09/30/2020","0.2080","0.2090","0.2120","0.2040","-0.48%"
"09/29/2020","0.2090","0.2140","0.2160","0.2060","-3.69%"
"09/28/2020","0.2170","0.2160","0.2160","0.2140","-3.56%"
"09/25/2020","0.2250","0.2260","0.2270","0.2100","0.00%"
"09/24/2020","0.2250","0.2210","0.2270","0.2150","1.35%"
"09/23/2020","0.2220","0.2190","0.2240","0.2090","1.37%"
"09/22/2020","0.2190","0.2210","0.2220","0.2170","0.46%"
"09/21/2020","0.2180","0.2180","0.2220","0.2110","2.35%"
"09/18/2020","0.2130","0.2110","0.2190","0.2080","0.00%"
"09/17/2020","0.2130","0.2190","0.2190","0.2100","-2.29%"
"09/16/2020","0.2180","0.2270","0.2270","0.2140","-3.54%"
"09/15/2020","0.2260","0.2220","0.2280","0.2200","1.35%"
"09/14/2020","0.2230","0.2250","0.2270","0.2160","-3.04%"
"09/11/2020","0.2300","0.2300","0.2310","0.2220","0.00%"
"09/10/2020","0.2300","0.2330","0.2360","0.2280","-1.29%"
"09/09/2020","0.2330","0.2310","0.2360","0.2280","2.19%"
"09/08/2020","0.2280","0.2240","0.2380","0.2240","0.00%"
"09/07/2020","0.2280","0.2280","0.2300","0.2230","0.88%"
"09/04/2020","0.2260","0.2250","0.2330","0.2230","0.00%"
"09/03/2020","0.2260","0.2290","0.2330","0.2210","-1.74%"
"09/02/2020","0.2300","0.2270","0.2330","0.2250","1.77%"
"09/01/2020","0.2260","0.2250","0.2300","0.2210","0.00%"
"08/31/2020","0.2260","0.2260","0.2310","0.2220","-7.38%"
"08/28/2020","0.2440","0.2430","0.2480","0.2230","0.00%"
"08/27/2020","0.2440","0.2320","0.2480","0.2210","6.09%"
"08/26/2020","0.2300","0.2280","0.2350","0.2260","1.77%"
"08/25/2020","0.2260","0.2180","0.2300","0.2160","3.67%"
"08/24/2020","0.2180","0.2210","0.2250","0.2120","-2.24%"
"08/21/2020","0.2230","0.2230","0.2270","0.2180","0.00%"
"08/20/2020","0.2230","0.2210","0.2250","0.2150","2.29%"
"08/19/2020","0.2180","0.2230","0.2250","0.2170","-3.11%"
"08/18/2020","0.2250","0.2320","0.2320","0.2200","-5.06%"
"08/17/2020","0.2370","0.2360","0.2390","0.2290","-0.42%"
"08/14/2020","0.2380","0.2440","0.2460","0.2340","-2.06%"
"08/13/2020","0.2430","0.2390","0.2460","0.2290","2.53%"
"08/12/2020","0.2370","0.2330","0.2440","0.2310","0.00%"
"08/11/2020","0.2370","0.2290","0.2380","0.2250","7.24%"
"08/10/2020","0.2210","0.2210","0.2290","0.2200","5.74%"
"08/07/2020","0.2090","0.2110","0.2230","0.2070","0.00%"
"08/06/2020","0.2090","0.2080","0.2110","0.2010","0.97%"
"08/05/2020","0.2070","0.2040","0.2100","0.1990","0.49%"
"08/04/2020","0.2060","0.2090","0.2090","0.2040","2.49%"
"08/03/2020","0.2010","0.2020","0.2090","0.1980","-3.37%"
"07/31/2020","0.2080","0.2090","0.2120","0.2010","0.00%"
"07/30/2020","0.2080","0.2240","0.2250","0.2070","-6.31%"
"07/29/2020","0.2220","0.2370","0.2370","0.2190","-5.13%"
"07/28/2020","0.2340","0.2340","0.2370","0.2260","3.54%"
"07/27/2020","0.2260","0.2250","0.2370","0.2180","0.89%"
"07/24/2020","0.2240","0.2250","0.2270","0.2220","0.00%"
"07/23/2020","0.2240","0.2340","0.2350","0.2220","-3.86%"
"07/22/2020","0.2330","0.2310","0.2370","0.2260","0.00%"
"07/21/2020","0.2330","0.2390","0.2400","0.2290","-2.10%"
"07/20/2020","0.2380","0.2440","0.2450","0.2360","-1.65%"
"07/17/2020","0.2420","0.2430","0.2440","0.2380","0.00%"
"07/16/2020","0.2420","0.2450","0.2480","0.2390","-2.42%"
"07/15/2020","0.2480","0.2460","0.2510","0.2440","1.64%"
"07/14/2020","0.2440","0.2450","0.2490","0.2390","-0.41%"
"07/13/2020","0.2450","0.2410","0.2490","0.2330","2.08%"
"07/10/2020","0.2400","0.2400","0.2420","0.2280","0.00%"
"07/09/2020","0.2400","0.2450","0.2460","0.2360","-1.64%"
"07/08/2020","0.2440","0.2410","0.2480","0.2390","0.41%"
"07/07/2020","0.2430","0.2460","0.2480","0.2360","-1.22%"
"07/06/2020","0.2460","0.2570","0.2600","0.2440","-5.38%"
"07/03/2020","0.2600","0.2590","0.2610","0.2450","0.00%"
"07/02/2020","0.2600","0.2580","0.2690","0.2540","0.78%"
"07/01/2020","0.2580","0.2540","0.2600","0.2480","1.18%"
"06/30/2020","0.2550","0.2560","0.2560","0.2450","-0.39%"
"06/29/2020","0.2560","0.2690","0.2710","0.2520","-5.54%"
"06/28/2020","0.2710","0.2680","0.2710","0.2620","0.37%"
"06/27/2020","0.2700","0.2700","0.2700","0.2700","-0.37%"
"06/26/2020","0.2710","0.2810","0.2820","0.2630","-3.56%"
"06/25/2020","0.2810","0.2740","0.2830","0.2670","2.55%"
"06/24/2020","0.2740","0.2790","0.2800","0.2680","0.00%"
"06/23/2020","0.2740","0.2760","0.2840","0.2730","-2.84%"
"06/22/2020","0.2820","0.2810","0.2840","0.2690","0.36%"
"06/19/2020","0.2810","0.2840","0.2870","0.2780","0.00%"
"06/18/2020","0.2810","0.2910","0.2920","0.2770","-3.44%"
"06/17/2020","0.2910","0.2930","0.2960","0.2860","-1.36%"
"06/16/2020","0.2950","0.2830","0.2970","0.2830","0.34%"
"06/15/2020","0.2940","0.2950","0.2950","0.2760","3.89%"
"06/12/2020","0.2830","0.3010","0.3100","0.2870","0.00%"
"06/11/2020","0.2830","0.2880","0.3070","0.2800","-1.74%"
"06/10/2020","0.2880","0.3040","0.3050","0.2840","-5.88%"
"06/09/2020","0.3060","0.3100","0.3120","0.3010","0.00%"
"06/08/2020","0.3060","0.2970","0.3120","0.2940","2.68%"
"06/05/2020","0.2980","0.2910","0.3060","0.2880","2.41%"
"06/04/2020","0.2910","0.2910","0.2970","0.2830","-0.68%"
"06/03/2020","0.2930","0.2780","0.2970","0.2760","4.27%"
"06/02/2020","0.2810","0.2810","0.2840","0.2730","0.72%"
"06/01/2020","0.2790","0.2820","0.2840","0.2720","-1.06%"
"05/29/2020","0.2820","0.2910","0.2930","0.2780","-3.09%"
"05/28/2020","0.2910","0.2960","0.3020","0.2890","-1.36%"
"05/27/2020","0.2950","0.3030","0.3050","0.2890","-0.34%"
"05/26/2020","0.2960","0.2960","0.3060","0.2950","0.00%"
"05/25/2020","0.2960","0.2980","0.3040","0.2960","3.50%"
"05/22/2020","0.2860","0.2850","0.2990","0.2760","0.00%"
"05/21/2020","0.2860","0.2820","0.2900","0.2730","2.14%"
"05/20/2020","0.2800","0.2880","0.2990","0.2740","-4.44%"
"05/19/2020","0.2930","0.3070","0.3080","0.2880","-4.56%"
"05/18/2020","0.3070","0.2900","0.3090","0.2820","3.37%"
"05/15/2020","0.2970","0.2960","0.2990","0.2840","0.00%"
"05/14/2020","0.2970","0.3060","0.3180","0.2920","-3.88%"
"05/13/2020","0.3090","0.3200","0.3230","0.2860","-4.04%"
"05/12/2020","0.3220","0.3080","0.3240","0.2980","5.92%"
"05/11/2020","0.3040","0.3050","0.3150","0.2910","4.47%"
"05/08/2020","0.2910","0.2920","0.3090","0.2590","0.00%"
"05/07/2020","0.2910","0.3270","0.3290","0.2860","-11.28%"
"05/06/2020","0.3280","0.3440","0.3480","0.3240","-4.37%"
"05/05/2020","0.3430","0.3480","0.3550","0.3290","-5.51%"
"05/04/2020","0.3630","0.3630","0.3660","0.3380","2.83%"
"05/01/2020","0.3530","0.3560","0.3700","0.3410","0.00%"
"04/30/2020","0.3530","0.3920","0.3960","0.3500","-8.07%"
"04/29/2020","0.3840","0.4200","0.4220","0.3770","-7.91%"
"04/28/2020","0.4170","0.4540","0.4570","0.4160","-11.28%"
"04/27/2020","0.4700","0.4670","0.4720","0.4330","-7.48%"
"04/24/2020","0.5080","0.5060","0.5140","0.4660","0.00%"
"04/23/2020","0.5080","0.5230","0.5230","0.4920","-1.36%"
"04/22/2020","0.5150","0.5310","0.5400","0.5130","-3.74%"
"04/21/2020","0.5350","0.5490","0.5700","0.5230","-1.83%"
"04/20/2020","0.5450","0.5350","0.5580","0.5270","0.18%"
"04/17/2020","0.5440","0.5430","0.5640","0.5240","0.00%"
"04/16/2020","0.5440","0.5310","0.5590","0.5170","2.06%"
"04/15/2020","0.5330","0.5590","0.5730","0.5260","-4.99%"
"04/14/2020","0.5610","0.5920","0.6070","0.5550","-6.81%"
"04/13/2020","0.6020","0.6040","0.6110","0.5860","0.00%"
"04/10/2020","0.6020","0.6020","0.6020","0.6020","0.00%"
"04/09/2020","0.6020","0.6720","0.6720","0.5900","-9.06%"
"04/08/2020","0.6620","0.6680","0.7040","0.6500","-0.90%"
"04/07/2020","0.6680","0.6490","0.6760","0.6440","6.37%"
"04/06/2020","0.6280","0.6330","0.6560","0.6310","1.29%"
"04/03/2020","0.6200","0.6150","0.6480","0.6010","0.00%"
"04/02/2020","0.6200","0.6500","0.6540","0.6120","-5.34%"
"04/01/2020","0.6550","0.6520","0.6620","0.6370","0.46%"
"03/31/2020","0.6520","0.6680","0.6790","0.6370","-5.92%"
"03/30/2020","0.6930","0.6910","0.7070","0.6650","4.68%"
"03/27/2020","0.6620","0.6640","0.7030","0.6540","0.00%"
"03/26/2020","0.6620","0.6530","0.6850","0.6140","1.38%"
"03/25/2020","0.6530","0.6340","0.6850","0.6300","3.49%"
"03/24/2020","0.6310","0.6070","0.6490","0.5910","1.28%"
"03/23/2020","0.6230","0.6230","0.6640","0.5950","-11.25%"
"03/20/2020","0.7020","0.7230","0.7400","0.6070","0.00%"
"03/19/2020","0.7020","0.6420","0.7530","0.6140","9.35%"
"03/18/2020","0.6420","0.5850","0.6490","0.5520","10.50%"
"03/17/2020","0.5810","0.4870","0.6130","0.4780","8.80%"
"03/16/2020","0.5340","0.4780","0.5120","0.3740","7.66%"
"03/13/2020","0.4960","0.5020","0.5750","0.4820","0.00%"
"03/12/2020","0.4960","0.5040","0.5200","0.4390","-3.31%"
"03/11/2020","0.5130","0.5490","0.5820","0.4700","-6.56%"
"03/10/2020","0.5490","0.5200","0.5800","0.4830","-16.44%"
"03/09/2020","0.6570","0.6650","0.6670","0.4900","-9.50%"
"03/06/2020","0.7260","0.7550","0.7570","0.5750","0.00%"
"03/05/2020","0.7260","0.7890","0.8030","0.7250","-4.72%"
"03/04/2020","0.7620","0.8620","0.8880","0.7250","-13.21%"
"03/03/2020","0.8780","1.0390","1.0560","0.8230","-10.59%"
"03/02/2020","0.9820","1.1200","1.1440","0.9310","-23.52%"
"02/28/2020","1.2840","1.2570","1.2680","1.0800","0.00%"
"02/27/2020","1.2840","1.3540","1.3620","1.2230","-4.39%"
"02/26/2020","1.3430","1.4040","1.4120","1.3320","-3.59%"
"02/25/2020","1.3930","1.4220","1.4590","1.3660","-7.26%"
"02/24/2020","1.5020","1.5020","1.5020","1.4070","-2.34%"
"02/21/2020","1.5380","1.5380","1.5390","1.4800","0.00%"
"02/20/2020","1.5380","1.5690","1.5780","1.5260","-1.98%"
"02/19/2020","1.5690","1.5560","1.5740","1.5510","-0.51%"
"02/18/2020","1.5770","1.5750","1.5770","1.5460","0.00%"
"02/17/2020","1.5770","1.5730","1.5870","1.5700","-0.38%"
"02/14/2020","1.5830","1.5830","1.5840","1.5550","0.00%"
"02/13/2020","1.5830","1.5950","1.5960","1.5610","-0.57%"
"02/12/2020","1.5920","1.5750","1.5950","1.5710","1.34%"
"02/11/2020","1.5710","1.5560","1.5760","1.5480","-0.44%"
"02/10/2020","1.5780","1.5790","1.5860","1.5420","-2.41%"
"02/07/2020","1.6170","1.6180","1.6200","1.5740","0.00%"
"02/06/2020","1.6170","1.6200","1.6390","1.6100","-0.19%"
"02/05/2020","1.6200","1.6060","1.6390","1.5870","0.87%"
"02/04/2020","1.6060","1.5640","1.6120","1.5550","4.42%"
"02/03/2020","1.5380","1.5370","1.5780","1.5050","-3.69%"
"01/31/2020","1.5970","1.6140","1.6180","1.5360","0.00%"
"01/30/2020","1.5970","1.6160","1.6200","1.5770","-1.36%"
"01/29/2020","1.6190","1.6470","1.6500","1.6140","-1.46%"
"01/28/2020","1.6430","1.6250","1.6460","1.6110","-1.38%"
"01/27/2020","1.6660","1.6650","1.6660","1.6210","-0.77%"
"01/24/2020","1.6790","1.6750","1.6910","1.6540","0.00%"
"01/23/2020","1.6790","1.6920","1.6940","1.6630","-0.65%"
"01/22/2020","1.6900","1.6940","1.7080","1.6890","-1.34%"
"01/21/2020","1.7130","1.7180","1.7180","1.6920","0.00%"
"01/20/2020","1.7130","1.7190","1.7200","1.7120","-0.58%"
"01/17/2020","1.7230","1.7170","1.7270","1.7100","0.35%"
"01/16/2020","1.7170","1.7150","1.7240","1.7090","-0.17%"
"01/15/2020","1.7200","1.7200","1.7240","1.7100","0.00%"
"01/14/2020","1.7200","1.7210","1.7290","1.7110","0.53%"
"01/13/2020","1.7110","1.7120","1.7250","1.7090","-0.41%"
"01/10/2020","1.7180","1.7170","1.7240","1.7060","0.00%"
"01/09/2020","1.7180","1.7190","1.7330","1.7120","-0.12%"
"01/08/2020","1.7200","1.7070","1.7240","1.6490","0.53%"
"01/07/2020","1.7110","1.7110","1.7160","1.6990","-0.12%"
"01/06/2020","1.7130","1.7120","1.7180","1.6980","-2.17%"
"01/03/2020","1.7510","1.7510","1.7520","1.7030","0.00%"
"01/02/2020","1.7510","1.7620","1.7690","1.7380","-0.68%"
"01/01/2020","1.7630","1.7650","1.7650","1.7630","0.00%"
"12/31/2019","1.7630","1.7560","1.7680","1.7560","-0.45%"
"12/30/2019","1.7710","1.7710","1.7770","1.7540","-1.23%"
"12/27/2019","1.7930","1.7940","1.7960","1.7690","0.00%"
"12/26/2019","1.7930","1.7940","1.8010","1.7870","0.11%"
"12/25/2019","1.7910","1.7910","1.7910","1.7910","0.00%"
"12/24/2019","1.7910","1.7940","1.8050","1.7900","-0.17%"
"12/23/2019","1.7940","1.7860","1.7970","1.7800","0.73%"
"12/20/2019","1.7810","1.7750","1.7890","1.7720","0.51%"
"12/19/2019","1.7720","1.7690","1.7880","1.7630","0.17%"
"12/18/2019","1.7690","1.7590","1.7780","1.7550","0.40%"
"12/17/2019","1.7620","1.7560","1.7640","1.7500","1.44%"
"12/16/2019","1.7370","1.7380","1.7630","1.7310","-1.36%"
"12/13/2019","1.7610","1.7580","1.7790","1.7250","0.00%"
"12/12/2019","1.7610","1.7220","1.7690","1.7080","2.26%"
"12/11/2019","1.7220","1.7340","1.7400","1.7170","-0.86%"
"12/10/2019","1.7370","1.7170","1.7380","1.7070","0.75%"
"12/09/2019","1.7240","1.7230","1.7270","1.7110","1.47%"
"12/06/2019","1.6990","1.7070","1.7390","1.6970","0.00%"
"12/05/2019","1.6990","1.6980","1.7140","1.6900","-0.59%"
"12/04/2019","1.7090","1.6800","1.7110","1.6690","1.85%"
"12/03/2019","1.6780","1.7310","1.7430","1.6670","-3.01%"
"12/02/2019","1.7300","1.7290","1.7510","1.7250","-0.80%"
"11/29/2019","1.7440","1.7430","1.7460","1.7270","0.00%"
"11/28/2019","1.7440","1.7470","1.7510","1.7290","-0.06%"
"11/27/2019","1.7450","1.7210","1.7480","1.7190","1.45%"
"11/26/2019","1.7200","1.7290","1.7430","1.7150","-0.35%"
"11/25/2019","1.7260","1.7250","1.7440","1.7230","1.29%"
"11/22/2019","1.7040","1.7040","1.7280","1.6920","0.00%"
"11/21/2019","1.7040","1.6870","1.7080","1.6610","1.31%"
"11/20/2019","1.6820","1.6990","1.7050","1.6780","-1.06%"
"11/19/2019","1.7000","1.7130","1.7270","1.6950","-0.58%"
"11/18/2019","1.7100","1.7260","1.7450","1.7060","-0.70%"
"11/15/2019","1.7220","1.7190","1.7380","1.7180","0.00%"
"11/14/2019","1.7220","1.7500","1.7580","1.7130","-1.32%"
"11/13/2019","1.7450","1.7640","1.7760","1.7400","-1.41%"
"11/12/2019","1.7700","1.7750","1.7910","1.7580","0.00%"
"11/11/2019","1.7700","1.7690","1.7840","1.7560","-0.17%"
"11/08/2019","1.7730","1.7690","1.7900","1.7540","0.00%"
"11/07/2019","1.7730","1.7410","1.7920","1.7300","2.07%"
"11/06/2019","1.7370","1.7460","1.7570","1.7310","-1.19%"
"11/05/2019","1.7580","1.7360","1.7700","1.7340","2.93%"
"11/04/2019","1.7080","1.7090","1.7450","1.7070","1.67%"
"11/01/2019","1.6800","1.6800","1.7220","1.6740","0.00%"
"10/31/2019","1.6800","1.7400","1.7550","1.6730","-4.05%"
"10/30/2019","1.7510","1.7640","1.7780","1.7270","-0.85%"
"10/29/2019","1.7660","1.7670","1.7810","1.7480","0.00%"
"10/28/2019","1.7660","1.7540","1.7820","1.7510","2.20%"
"10/25/2019","1.7280","1.7360","1.7720","1.7170","0.00%"
"10/24/2019","1.7280","1.7380","1.7550","1.7090","-0.17%"
"10/23/2019","1.7310","1.7280","1.7470","1.7130","-0.29%"
"10/22/2019","1.7360","1.7460","1.7640","1.7250","0.23%"
"10/21/2019","1.7320","1.7360","1.7630","1.7150","0.12%"
"10/18/2019","1.7300","1.7580","1.7670","1.7180","-1.59%"
"10/17/2019","1.7580","1.7590","1.8040","1.7380","-0.23%"
"10/16/2019","1.7620","1.7920","1.8030","1.7550","-0.56%"
"10/15/2019","1.7720","1.7720","1.8010","1.7400","0.00%"
"10/14/2019","1.7720","1.7660","1.7880","1.7390","3.20%"
"10/11/2019","1.7170","1.7200","1.8080","1.7150","0.00%"
"10/10/2019","1.7170","1.6780","1.7360","1.6380","2.32%"
"10/09/2019","1.6780","1.6570","1.6890","1.6400","1.27%"
"10/08/2019","1.6570","1.6820","1.7050","1.6410","-1.43%"
"10/07/2019","1.6810","1.6660","1.6950","1.6340","2.06%"
"10/04/2019","1.6470","1.6470","1.6740","1.6320","0.43%"
"10/03/2019","1.6400","1.7160","1.7240","1.6360","-4.37%"
"10/02/2019","1.7150","1.7710","1.7880","1.7070","-3.27%"
"10/01/2019","1.7730","1.8180","1.8540","1.7620","-3.01%"
"09/30/2019","1.8280","1.8280","1.8470","1.8090","-0.44%"
"09/27/2019","1.8360","1.8420","1.8600","1.8170","0.00%"
"09/26/2019","1.8360","1.8550","1.8580","1.8200","-0.92%"
"09/25/2019","1.8530","1.8110","1.8570","1.8060","2.49%"
"09/24/2019","1.8080","1.8560","1.8760","1.7990","-2.69%"
"09/23/2019","1.8580","1.8800","1.8950","1.8310","-2.11%"
"09/20/2019","1.8980","1.9040","1.9150","1.8720","0.00%"
"09/19/2019","1.8980","1.9090","1.9250","1.8900","-0.63%"
"09/18/2019","1.9100","1.9090","1.9310","1.8660","0.21%"
"09/17/2019","1.9060","1.9230","1.9430","1.9020","-0.88%"
"09/16/2019","1.9230","1.9460","1.9460","1.9150","-1.28%"
"09/13/2019","1.9480","1.8890","1.9500","1.8820","3.34%"
"09/12/2019","1.8850","1.8540","1.8910","1.8170","1.67%"
"09/11/2019","1.8540","1.8550","1.8700","1.8430","-0.59%"
"09/10/2019","1.8650","1.8190","1.8690","1.8130","2.36%"
"09/09/2019","1.8220","1.7740","1.8230","1.7690","2.71%"
"09/06/2019","1.7740","1.7610","1.8070","1.7610","0.80%"
"09/05/2019","1.7600","1.7100","1.7960","1.7110","2.98%"
"09/04/2019","1.7090","1.7240","1.7420","1.7020","-1.44%"
"09/03/2019","1.7340","1.7650","1.7870","1.7160","-1.92%"
"09/02/2019","1.7680","1.7830","1.7850","1.7610","-0.90%"
"08/30/2019","1.7840","1.7880","1.8100","1.7790","-0.34%"
"08/29/2019","1.7900","1.7600","1.7940","1.7500","1.65%"
"08/28/2019","1.7610","1.7630","1.7740","1.7450","-0.17%"
"08/27/2019","1.7640","1.7880","1.7990","1.7600","-1.12%"
"08/26/2019","1.7840","1.7690","1.7910","1.7090","0.73%"
"08/23/2019","1.7710","1.8260","1.8550","1.7490","-2.69%"
"08/22/2019","1.8200","1.8100","1.8390","1.7790","1.34%"
"08/21/2019","1.7960","1.7660","1.8120","1.7610","2.34%"
"08/20/2019","1.7550","1.7840","1.7990","1.7490","-2.45%"
"08/19/2019","1.7990","1.7390","1.7990","1.7460","3.04%"
"08/16/2019","1.7460","1.7400","1.7710","1.7290","0.29%"
"08/15/2019","1.7410","1.8050","1.8130","1.7100","-3.92%"
"08/14/2019","1.8120","1.8640","1.8740","1.7960","-2.69%"
"08/13/2019","1.8620","1.8050","1.8870","1.7920","3.27%"
"08/12/2019","1.8030","1.8530","1.8710","1.7990","-2.75%"
"08/09/2019","1.8540","1.8200","1.8570","1.8020","1.92%"
"08/08/2019","1.8190","1.8130","1.8510","1.7970","-0.05%"
"08/07/2019","1.8200","1.8300","1.8320","1.7500","-0.98%"
"08/06/2019","1.8380","1.8370","1.8550","1.7800","1.10%"
"08/05/2019","1.8180","1.9600","1.9600","1.7750","-6.82%"
"08/02/2019","1.9510","1.9890","2.0000","1.9420","-1.86%"
"08/01/2019","1.9880","2.0970","2.1200","1.9710","-5.74%"
"07/31/2019","2.1090","2.0550","2.1600","2.0380","2.33%"
"07/30/2019","2.0610","2.0590","2.0680","2.0480","0.19%"
"07/29/2019","2.0570","2.0740","2.0790","2.0530","-0.92%"
"07/26/2019","2.0760","2.0600","2.0840","2.0550","1.02%"
"07/25/2019","2.0550","2.0450","2.0790","2.0250","0.54%"
"07/24/2019","2.0440","2.0490","2.0560","2.0340","-0.20%"
"07/23/2019","2.0480","2.0330","2.0560","2.0370","0.29%"
"07/22/2019","2.0420","2.0300","2.0420","2.0240","0.39%"
"07/19/2019","2.0340","1.9840","2.0410","1.9920","2.42%"
"07/18/2019","1.9860","2.0390","2.0490","1.9640","-2.60%"
"07/17/2019","2.0390","2.0500","2.0680","2.0270","-0.54%"
"07/16/2019","2.0500","2.0360","2.0630","2.0300","0.59%"
"07/15/2019","2.0380","2.0540","2.0640","2.0310","-0.68%"
"07/12/2019","2.0520","2.0660","2.0780","2.0470","-0.73%"
"07/11/2019","2.0670","2.0580","2.0670","2.0270","0.63%"
"07/10/2019","2.0540","2.1090","2.1330","2.0360","-2.56%"
"07/09/2019","2.1080","2.0940","2.1230","2.0890","0.76%"
"07/08/2019","2.0920","2.0880","2.1090","2.0660","0.14%"
"07/05/2019","2.0890","2.0070","2.1110","1.9990","4.03%"
"07/04/2019","2.0080","2.0060","2.0160","1.9950","-0.10%"
"07/03/2019","2.0100","2.0200","2.0200","1.9920","-0.35%"
"07/02/2019","2.0170","2.0550","2.0550","2.0080","-1.47%"
"07/01/2019","2.0470","2.0220","2.0570","2.0140","1.99%"
"06/28/2019","2.0070","1.9960","2.0140","1.9840","1.06%"
"06/27/2019","1.9860","2.0060","2.0340","1.9830","-1.34%"
"06/26/2019","2.0130","1.9480","2.0130","1.9660","2.91%"
"06/25/2019","1.9560","1.9540","1.9800","1.9250","-0.05%"
"06/24/2019","1.9570","2.0020","2.0020","1.9500","-2.20%"
"06/21/2019","2.0010","1.9760","2.0290","1.9900","0.65%"
"06/20/2019","1.9880","1.9990","2.0200","1.9410","-0.30%"
"06/19/2019","1.9940","2.1020","2.1310","1.9800","-4.96%"
"06/18/2019","2.0980","2.1120","2.1200","2.0490","-0.38%"
"06/17/2019","2.1060","2.0710","2.1160","2.0850","1.40%"
"06/14/2019","2.0770","2.0700","2.1030","2.0380","0.39%"
"06/13/2019","2.0690","2.1340","2.1430","2.0620","-3.23%"
"06/12/2019","2.1380","2.1690","2.1820","2.1240","-1.29%"
"06/11/2019","2.1660","2.1470","2.1820","2.1400","0.98%"
"06/10/2019","2.1450","2.1180","2.1700","2.1210","1.47%"
"06/07/2019","2.1140","2.1420","2.1520","2.0700","-0.89%"
"06/06/2019","2.1330","2.1270","2.1530","2.0950","0.71%"
"06/05/2019","2.1180","2.1390","2.1620","2.0740","-0.94%"
"06/04/2019","2.1380","2.1290","2.1970","2.1180","0.14%"
"06/03/2019","2.1350","2.2320","2.2360","2.1040","-4.43%"
"05/31/2019","2.2340","2.3380","2.3390","2.2220","-4.45%"
"05/30/2019","2.3380","2.3540","2.3810","2.3090","-0.26%"
"05/29/2019","2.3440","2.3780","2.3790","2.3280","-1.26%"
"05/28/2019","2.3740","2.3970","2.4060","2.3710","-0.92%"
"05/27/2019","2.3960","2.3930","2.4120","2.3950","0.17%"
"05/24/2019","2.3920","2.3800","2.4080","2.3860","0.25%"
"05/23/2019","2.3860","2.4480","2.4520","2.3760","-2.65%"
"05/22/2019","2.4510","2.4630","2.4630","2.4440","-0.37%"
"05/21/2019","2.4600","2.4400","2.4660","2.4360","0.82%"
"05/20/2019","2.4400","2.4240","2.4470","2.4250","0.49%"
"05/17/2019","2.4280","2.4290","2.4450","2.4050","-0.16%"
"05/16/2019","2.4320","2.4120","2.4400","2.4040","0.79%"
"05/15/2019","2.4130","2.4310","2.4390","2.3940","-0.86%"
"05/14/2019","2.4340","2.4240","2.4400","2.4110","0.21%"
"05/13/2019","2.4290","2.4890","2.4930","2.4150","-2.65%"
"05/10/2019","2.4950","2.4970","2.5080","2.4690","0.00%"
"05/09/2019","2.4950","2.5180","2.5220","2.4800","-0.83%"
"05/08/2019","2.5160","2.5150","2.5320","2.4970","0.08%"
"05/07/2019","2.5140","2.5290","2.5400","2.5140","-0.63%"
"05/06/2019","2.5300","2.5540","2.5550","2.5010","-1.02%"
"05/03/2019","2.5560","2.5650","2.5770","2.5420","-0.31%"
"05/02/2019","2.5640","2.5450","2.5670","2.5460","1.02%"
"05/01/2019","2.5380","2.5170","2.5540","2.4870","0.79%"
"04/30/2019","2.5180","2.5280","2.5400","2.5160","-0.67%"
"04/29/2019","2.5350","2.5280","2.5430","2.5270","0.36%"
"04/26/2019","2.5260","2.5530","2.5630","2.5190","-1.02%"
"04/25/2019","2.5520","2.5360","2.5590","2.5340","0.59%"
"04/24/2019","2.5370","2.5670","2.5680","2.5310","-0.94%"
"04/23/2019","2.5610","2.5740","2.5840","2.5580","-0.39%"
"04/22/2019","2.5710","2.5920","2.5930","2.5710","-0.70%"
"04/19/2019","2.5890","2.5890","2.5890","2.5890","0.00%"
"04/18/2019","2.5890","2.5960","2.6010","2.5820","-0.46%"
"04/17/2019","2.6010","2.6050","2.6130","2.5940","-0.27%"
"04/16/2019","2.6080","2.5920","2.6100","2.5920","0.27%"
"04/15/2019","2.6010","2.6010","2.6090","2.5930","0.19%"
"04/12/2019","2.5960","2.5700","2.6030","2.5720","1.01%"
"04/11/2019","2.5700","2.5580","2.5790","2.5590","0.31%"
"04/10/2019","2.5620","2.5590","2.5730","2.5490","0.23%"
"04/09/2019","2.5560","2.5700","2.5770","2.5560","-0.51%"
"04/08/2019","2.5690","2.5700","2.5760","2.5530","0.00%"
"04/05/2019","2.5690","2.5680","2.5870","2.5660","0.23%"
"04/04/2019","2.5630","2.5700","2.5740","2.5490","-0.19%"
"04/03/2019","2.5680","2.5560","2.5820","2.5510","0.39%"
"04/02/2019","2.5580","2.5660","2.5710","2.5460","-0.20%"
"04/01/2019","2.5630","2.5400","2.5720","2.5450","0.99%"
"03/29/2019","2.5380","2.5150","2.5580","2.5220","1.04%"
"03/28/2019","2.5120","2.5030","2.5340","2.4850","0.28%"
"03/27/2019","2.5050","2.5290","2.5390","2.4850","-0.79%"
"03/26/2019","2.5250","2.5110","2.5490","2.5150","0.52%"
"03/25/2019","2.5120","2.5610","2.5840","2.4970","-2.10%"
"03/22/2019","2.5660","2.6130","2.6180","2.5450","-1.84%"
"03/21/2019","2.6140","2.6170","2.6220","2.6020","-0.19%"
"03/20/2019","2.6190","2.6440","2.6490","2.6120","-0.80%"
"03/19/2019","2.6400","2.6490","2.6600","2.6400","-0.49%"
"03/18/2019","2.6530","2.6430","2.6590","2.6430","0.26%"
"03/15/2019","2.6460","2.6460","2.6570","2.6370","0.11%"
"03/14/2019","2.6430","2.6410","2.6570","2.6420","0.19%"
"03/13/2019","2.6380","2.6370","2.6560","2.6380","0.08%"
"03/12/2019","2.6360","2.6640","2.6720","2.6360","-0.75%"
"03/11/2019","2.6560","2.6510","2.6670","2.6440","0.30%"
"03/08/2019","2.6480","2.6520","2.6590","2.6440","-0.11%"
"03/07/2019","2.6510","2.6630","2.6720","2.6490","-0.49%"
"03/06/2019","2.6640","2.6820","2.6820","2.6610","-0.45%"
"03/05/2019","2.6760","2.6640","2.6910","2.6630","0.22%"
"03/04/2019","2.6700","2.6730","2.6830","2.6640","0.11%"
"03/01/2019","2.6670","2.6610","2.6740","2.6540","0.34%"
"02/28/2019","2.6580","2.6480","2.6670","2.6380","0.15%"
"02/27/2019","2.6540","2.6340","2.6550","2.6260","0.68%"
"02/26/2019","2.6360","2.6500","2.6570","2.6320","-0.64%"
"02/25/2019","2.6530","2.6500","2.6640","2.6460","-0.08%"
"02/22/2019","2.6550","2.6690","2.6700","2.6440","-0.26%"
"02/21/2019","2.6620","2.6630","2.6730","2.6530","0.30%"
"02/20/2019","2.6540","2.6530","2.6720","2.6500","-0.41%"
"02/19/2019","2.6650","2.6750","2.6820","2.6540","-0.34%"
"02/18/2019","2.6740","2.6910","2.7020","2.6730","-0.59%"
"02/15/2019","2.6900","2.6890","2.7050","2.6890","0.04%"
"02/14/2019","2.6890","2.7100","2.7130","2.6850","-0.48%"
"02/13/2019","2.7020","2.6920","2.7140","2.6900","0.41%"
"02/12/2019","2.6910","2.6810","2.7000","2.6790","0.34%"
"02/11/2019","2.6820","2.6790","2.6950","2.6760","-0.04%"
"02/08/2019","2.6830","2.7040","2.7070","2.6720","-0.85%"
"02/07/2019","2.7060","2.7240","2.7310","2.6880","-0.84%"
"02/06/2019","2.7290","2.7230","2.7300","2.7100","0.26%"
"02/05/2019","2.7220","2.7200","2.7300","2.7110","0.04%"
"02/04/2019","2.7210","2.7080","2.7210","2.7020","0.63%"
"02/01/2019","2.7040","2.6830","2.7150","2.6800","0.60%"
"01/31/2019","2.6880","2.7240","2.7250","2.6770","-1.10%"
"01/30/2019","2.7180","2.7480","2.7640","2.7120","-1.06%"
"01/29/2019","2.7470","2.7540","2.7630","2.7460","-0.43%"
"01/28/2019","2.7590","2.7770","2.7770","2.7520","-0.18%"
"01/25/2019","2.7640","2.7620","2.7790","2.7600","0.18%"
"01/24/2019","2.7590","2.7700","2.7760","2.7550","-0.50%"
"01/23/2019","2.7730","2.7730","2.7810","2.7600","0.04%"
"01/22/2019","2.7720","2.7790","2.7870","2.7640","-0.29%"
"01/21/2019","2.7800","2.7840","2.7890","2.7670","0.04%"
"01/18/2019","2.7790","2.7660","2.7870","2.7600","0.58%"
"01/17/2019","2.7630","2.7520","2.7740","2.7460","0.29%"
"01/16/2019","2.7550","2.7500","2.7720","2.7490","0.25%"
"01/15/2019","2.7480","2.7550","2.7650","2.7360","-0.18%"
"01/14/2019","2.7530","2.7610","2.7670","2.7420","-0.22%"
"01/11/2019","2.7590","2.7780","2.7800","2.7460","-0.54%"
"01/10/2019","2.7740","2.7660","2.7760","2.7440","0.18%"
"01/09/2019","2.7690","2.7720","2.7880","2.7570","0.00%"
"01/08/2019","2.7690","2.7530","2.7750","2.7480","0.58%"
"01/07/2019","2.7530","2.7440","2.7570","2.7180","0.18%"
"01/04/2019","2.7480","2.6770","2.7590","2.6730","2.46%"
"01/03/2019","2.6820","2.7480","2.7600","2.6730","-2.72%"
"01/02/2019","2.7570","2.7480","2.7650","2.7330","0.29%"
"01/01/2019","2.7490","2.7540","2.7550","2.7470","0.00%"
"12/31/2018","2.7490","2.7530","2.7650","2.7430","-0.11%"
"12/28/2018","2.7520","2.7560","2.7830","2.7450","-0.69%"
"12/27/2018","2.7710","2.7980","2.8060","2.7460","-1.04%"
"12/26/2018","2.8000","2.7810","2.8100","2.7490","0.86%"
"12/25/2018","2.7760","2.7760","2.7760","2.7670","0.00%"
"12/24/2018","2.7760","2.8180","2.8240","2.7760","-1.53%"
"12/21/2018","2.8190","2.8490","2.8500","2.8150","-0.70%"
"12/20/2018","2.8390","2.8140","2.8470","2.8050","0.71%"
"12/19/2018","2.8190","2.7930","2.8390","2.7830","0.93%"
"12/18/2018","2.7930","2.8270","2.8350","2.7850","-1.31%"
"12/17/2018","2.8300","2.8640","2.8700","2.8250","-1.22%"
"12/14/2018","2.8650","2.8750","2.8760","2.8490","-0.28%"
"12/13/2018","2.8730","2.8730","2.8770","2.8640","0.00%"
"12/12/2018","2.8730","2.8620","2.8790","2.8610","0.45%"
"12/11/2018","2.8600","2.8410","2.8700","2.8340","0.49%"
"12/10/2018","2.8460","2.8490","2.8680","2.8250","-0.28%"
"12/07/2018","2.8540","2.8920","2.8980","2.8520","-1.31%"
"12/06/2018","2.8920","2.9040","2.9260","2.8460","-0.55%"
"12/05/2018","2.9080","2.8940","2.9080","2.9010","0.35%"
"12/04/2018","2.8980","2.9200","2.9240","2.8930","-0.69%"
"12/03/2018","2.9180","2.8900","2.9340","2.9140","0.62%"
"11/30/2018","2.9000","2.8950","2.9070","2.8890","0.17%"
"11/29/2018","2.8950","2.8920","2.9050","2.8660","0.24%"
"11/28/2018","2.8880","2.9090","2.9140","2.8820","-0.55%"
"11/27/2018","2.9040","2.9020","2.9300","2.8950","-0.62%"
"11/26/2018","2.9220","2.8940","2.9280","2.8860","1.18%"
"11/23/2018","2.8880","2.8880","2.9040","2.8800","-0.03%"
"11/22/2018","2.8890","2.8920","2.9010","2.8780","0.17%"
"11/21/2018","2.8840","2.8760","2.9000","2.8760","0.42%"
"11/20/2018","2.8720","2.8630","2.8790","2.8610","0.35%"
"11/19/2018","2.8620","2.8770","2.8930","2.8550","-0.80%"
"11/16/2018","2.8850","2.9100","2.9240","2.8680","-1.10%"
"11/15/2018","2.9170","2.9100","2.9220","2.8890","0.41%"
"11/14/2018","2.9050","2.9110","2.9300","2.8940","-0.21%"
"11/13/2018","2.9110","2.9190","2.9340","2.9080","-0.24%"
"11/12/2018","2.9180","2.9360","2.9500","2.9190","-0.98%"
"11/09/2018","2.9470","2.9630","2.9630","2.9350","-0.61%"
"11/08/2018","2.9650","2.9420","2.9660","2.9390","0.44%"
"11/07/2018","2.9520","2.9360","2.9530","2.9160","0.99%"
"11/06/2018","2.9230","2.9150","2.9340","2.9110","0.31%"
"11/05/2018","2.9140","2.9360","2.9370","2.9140","-0.44%"
"11/02/2018","2.9270","2.8890","2.9380","2.8960","1.04%"
"11/01/2018","2.8970","2.8920","2.9080","2.8870","0.10%"
"10/31/2018","2.8940","2.8690","2.9010","2.8790","0.49%"
"10/30/2018","2.8800","2.8660","2.8820","2.8560","0.81%"
"10/29/2018","2.8570","2.8560","2.8820","2.8530","0.04%"
"10/26/2018","2.8560","2.8780","2.8830","2.8350","-0.94%"
"10/25/2018","2.8830","2.8610","2.8920","2.8540","0.56%"
"10/24/2018","2.8670","2.8680","2.8900","2.8510","0.00%"
"10/23/2018","2.8670","2.8770","2.8880","2.8490","-0.55%"
"10/22/2018","2.8830","2.8890","2.9010","2.8750","-0.45%"
"10/19/2018","2.8960","2.8800","2.9010","2.8690","0.63%"
"10/18/2018","2.8780","2.8440","2.8910","2.8520","1.30%"
"10/17/2018","2.8410","2.8410","2.8590","2.8290","0.04%"
"10/16/2018","2.8400","2.8340","2.8460","2.8300","0.32%"
"10/15/2018","2.8310","2.8180","2.8340","2.8100","0.57%"
"10/12/2018","2.8150","2.8120","2.8280","2.8060","0.18%"
"10/11/2018","2.8100","2.8060","2.8260","2.7860","-0.18%"
"10/10/2018","2.8150","2.8170","2.8330","2.7940","-0.04%"
"10/09/2018","2.8160","2.8150","2.8210","2.8050","0.14%"
"10/08/2018","2.8120","2.8050","2.8180","2.8000","0.07%"
"10/05/2018","2.8100","2.8040","2.8140","2.8010","0.18%"
"10/04/2018","2.8050","2.8020","2.8250","2.7980","0.54%"
"10/03/2018","2.7900","2.7770","2.8040","2.7690","0.47%"
"10/02/2018","2.7770","2.7750","2.7820","2.7660","0.00%"
"10/01/2018","2.7770","2.7760","2.7850","2.7710","0.07%"
"09/28/2018","2.7750","2.7800","2.7810","2.7660","-0.25%"
"09/27/2018","2.7820","2.7770","2.7850","2.7710","0.14%"
"09/26/2018","2.7780","2.7780","2.7890","2.7740","0.04%"
"09/25/2018","2.7770","2.7640","2.7820","2.7610","0.62%"
"09/24/2018","2.7600","2.7610","2.7720","2.7570","-0.07%"
"09/21/2018","2.7620","2.7680","2.7810","2.7610","-0.18%"
"09/20/2018","2.7670","2.7430","2.7720","2.7430","0.73%"
"09/19/2018","2.7470","2.7290","2.7480","2.7330","0.70%"
"09/18/2018","2.7280","2.7290","2.7360","2.7170","0.00%"
"09/17/2018","2.7280","2.7420","2.7450","2.7170","-0.37%"
"09/14/2018","2.7380","2.7260","2.7400","2.7250","0.48%"
"09/13/2018","2.7250","2.7270","2.7380","2.7190","0.04%"
"09/12/2018","2.7240","2.7280","2.7350","2.7180","-0.29%"
"09/11/2018","2.7320","2.7120","2.7330","2.7080","0.96%"
"09/10/2018","2.7060","2.7040","2.7170","2.7000","0.04%"
"09/07/2018","2.7050","2.6600","2.7090","2.6580","1.73%"
"09/06/2018","2.6590","2.6610","2.6740","2.6580","-0.11%"
"09/05/2018","2.6620","2.6640","2.6770","2.6600","-0.11%"
"09/04/2018","2.6650","2.6550","2.6710","2.6530","0.41%"
"09/03/2018","2.6540","2.6550","2.6600","2.6510","-0.04%"
"08/31/2018","2.6550","2.6650","2.6650","2.6480","-0.30%"
"08/30/2018","2.6630","2.6580","2.6780","2.6550","0.23%"
"08/29/2018","2.6570","2.6570","2.6690","2.6470","0.00%"
"08/28/2018","2.6570","2.6440","2.6670","2.6420","0.38%"
"08/27/2018","2.6470","2.6340","2.6490","2.6310","0.65%"
"08/24/2018","2.6300","2.6240","2.6500","2.6230","0.38%"
"08/23/2018","2.6200","2.6120","2.6330","2.6100","0.27%"
"08/22/2018","2.6130","2.6170","2.6240","2.6070","-0.15%"
"08/21/2018","2.6170","2.6150","2.6240","2.6070","0.35%"
"08/20/2018","2.6080","2.6260","2.6420","2.6060","-1.14%"
"08/17/2018","2.6380","2.6390","2.6490","2.6200","0.00%"
"08/16/2018","2.6380","2.6160","2.6460","2.6170","0.50%"
"08/15/2018","2.6250","2.6340","2.6460","2.6070","-0.15%"
"08/14/2018","2.6290","2.6080","2.6440","2.6100","0.84%"
"08/13/2018","2.6070","2.6180","2.6220","2.5940","0.00%"
"08/10/2018","2.6070","2.6450","2.6480","2.6020","-1.36%"
"08/09/2018","2.6430","2.6640","2.6670","2.6380","-0.83%"
"08/08/2018","2.6650","2.6640","2.6740","2.6560","-0.07%"
"08/07/2018","2.6670","2.6580","2.6710","2.6580","0.23%"
"08/06/2018","2.6610","2.6660","2.6710","2.6560","0.04%"
"08/03/2018","2.6600","2.6710","2.6810","2.6600","-0.23%"
"08/02/2018","2.6660","2.6760","2.6870","2.6640","-0.30%"
"08/01/2018","2.6740","2.6700","2.6840","2.6650","0.22%"
"07/31/2018","2.6680","2.6610","2.6740","2.6560","0.30%"
"07/30/2018","2.6600","2.6630","2.6690","2.6550","-0.04%"
"07/27/2018","2.6610","2.6620","2.6670","2.6540","0.19%"
"07/26/2018","2.6560","2.6410","2.6620","2.6410","0.72%"
"07/25/2018","2.6370","2.6420","2.6530","2.6340","0.00%"
"07/24/2018","2.6370","2.6390","2.6470","2.6320","-0.19%"
"07/23/2018","2.6420","2.6390","2.6500","2.6240","0.19%"
"07/20/2018","2.6370","2.6350","2.6470","2.6290","0.00%"
"07/19/2018","2.6370","2.6440","2.6660","2.6320","-0.26%"
"07/18/2018","2.6440","2.6410","2.6500","2.6390","0.04%"
"07/17/2018","2.6430","2.6300","2.6440","2.6290","0.46%"
"07/16/2018","2.6310","2.6230","2.6380","2.6190","0.19%"
"07/13/2018","2.6260","2.6350","2.6370","2.6220","-0.34%"
"07/12/2018","2.6350","2.6250","2.6410","2.6240","-53.53%"