Date,30yr_swap_rate
2000-07-03,1.37000
2000-07-04,
2000-07-05,1.30000
2000-07-06,1.30000
2000-07-07,1.27000
2000-07-10,1.31000
2000-07-11,1.31000
2000-07-12,1.30000
2000-07-13,1.32000
2000-07-14,1.29000
2000-07-17,1.35000
2000-07-18,1.37000
2000-07-19,1.38000
2000-07-20,1.42000
2000-07-21,1.37000
2000-07-24,1.38000
2000-07-25,1.36000
2000-07-26,1.35000
2000-07-27,1.37000
2000-07-28,1.41000
2000-07-31,1.42000
2000-08-01,1.43000
2000-08-02,1.41000
2000-08-03,1.39000
2000-08-04,1.37000
2000-08-07,1.30000
2000-08-08,1.34000
2000-08-09,1.34000
2000-08-10,1.37000
2000-08-11,1.28000
2000-08-14,1.35000
2000-08-15,1.30000
2000-08-16,1.31000
2000-08-17,1.33000
2000-08-18,1.37000
2000-08-21,1.34000
2000-08-22,1.35000
2000-08-23,1.32000
2000-08-24,1.31000
2000-08-25,1.29000
2000-08-28,1.27000
2000-08-29,1.30000
2000-08-30,1.34000
2000-08-31,1.36000
2000-09-01,1.30000
2000-09-04,
2000-09-05,1.27000
2000-09-06,1.28000
2000-09-07,1.28000
2000-09-08,1.32000
2000-09-11,1.30000
2000-09-12,1.30000
2000-09-13,1.30000
2000-09-14,1.21000
2000-09-15,1.21000
2000-09-18,1.15000
2000-09-19,1.20000
2000-09-20,1.15000
2000-09-21,1.20000
2000-09-22,1.16000
2000-09-25,1.14000
2000-09-26,1.16000
2000-09-27,1.12000
2000-09-28,1.13000
2000-09-29,1.09000
2000-10-02,1.09000
2000-10-03,1.05000
2000-10-04,1.07000
2000-10-05,1.14000
2000-10-06,1.19000
2000-10-09,
2000-10-10,1.22000
2000-10-11,1.21000
2000-10-12,1.21000
2000-10-13,1.21000
2000-10-16,1.19000
2000-10-17,1.20000
2000-10-18,1.19000
2000-10-19,1.12000
2000-10-20,1.13000
2000-10-23,1.14000
2000-10-24,1.10000
2000-10-25,1.10000
2000-10-26,1.10000
2000-10-27,1.12000
2000-10-30,1.11000
2000-10-31,1.08000
2000-11-01,1.14000
2000-11-02,1.07000
2000-11-03,1.05000
2000-11-06,1.10000
2000-11-07,1.10000
2000-11-08,1.11000
2000-11-09,1.12000
2000-11-10,1.12000
2000-11-13,1.13000
2000-11-14,1.16000
2000-11-15,1.16000
2000-11-16,1.13000
2000-11-17,1.13000
2000-11-20,1.14000
2000-11-21,1.18000
2000-11-22,1.19000
2000-11-23,
2000-11-24,1.19000
2000-11-27,1.15000
2000-11-28,1.19000
2000-11-29,1.18000
2000-11-30,1.17000
2000-12-01,1.10000
2000-12-04,1.06000
2000-12-05,1.11000
2000-12-06,1.07000
2000-12-07,1.05000
2000-12-08,0.93000
2000-12-11,0.95000
2000-12-12,0.95000
2000-12-13,0.94000
2000-12-14,0.84000
2000-12-15,0.85000
2000-12-18,0.78000
2000-12-19,0.88000
2000-12-20,0.86000
2000-12-21,0.84000
2000-12-22,0.83000
2000-12-25,
2000-12-26,0.81000
2000-12-27,0.80000
2000-12-28,0.87000
2000-12-29,0.82000
2001-01-01,
2001-01-02,0.83000
2001-01-03,0.64000
2001-01-04,0.77000
2001-01-05,0.74000
2001-01-08,0.61000
2001-01-09,0.68000
2001-01-10,0.64000
2001-01-11,0.62000
2001-01-12,0.71000
2001-01-15,
2001-01-16,0.76000
2001-01-17,0.77000
2001-01-18,0.74000
2001-01-19,0.70000
2001-01-22,0.73000
2001-01-23,0.70000
2001-01-24,0.76000
2001-01-25,0.86000
2001-01-26,0.74000
2001-01-29,0.71000
2001-01-30,0.77000
2001-01-31,0.73000
2001-02-01,0.69000
2001-02-02,0.73000
2001-02-05,0.77000
2001-02-06,0.80000
2001-02-07,0.74000
2001-02-08,0.90000
2001-02-09,0.87000
2001-02-12,0.84000
2001-02-13,0.82000
2001-02-14,0.85000
2001-02-15,0.91000
2001-02-16,0.90000
2001-02-19,
2001-02-20,0.88000
2001-02-21,0.83000
2001-02-22,0.83000
2001-02-23,0.88000
2001-02-26,0.91000
2001-02-27,0.86000
2001-02-28,0.83000
2001-03-01,0.78000
2001-03-02,0.72000
2001-03-05,0.83000
2001-03-06,0.78000
2001-03-07,0.83000
2001-03-08,0.77000
2001-03-09,0.79000
2001-03-12,0.81000
2001-03-13,0.84000
2001-03-14,0.86000
2001-03-15,0.83000
2001-03-16,0.78000
2001-03-19,0.79000
2001-03-20,0.84000
2001-03-21,0.78000
2001-03-22,0.76000
2001-03-23,0.78000
2001-03-26,0.80000
2001-03-27,0.79000
2001-03-28,0.80000
2001-03-29,0.83000
2001-03-30,0.82000
2001-04-02,0.82000
2001-04-03,0.83000
2001-04-04,0.81000
2001-04-05,0.78000
2001-04-06,0.81000
2001-04-09,0.79000
2001-04-10,0.74000
2001-04-11,0.80000
2001-04-12,0.80000
2001-04-13,
2001-04-16,0.72000
2001-04-17,0.83000
2001-04-18,0.85000
2001-04-19,0.68000
2001-04-20,0.69000
2001-04-23,0.76000
2001-04-24,0.77000
2001-04-25,0.71000
2001-04-26,0.76000
2001-04-27,0.69000
2001-04-30,0.74000
2001-05-01,0.73000
2001-05-02,0.75000
2001-05-03,0.72000
2001-05-04,0.72000
2001-05-07,0.71000
2001-05-08,0.65000
2001-05-09,0.71000
2001-05-10,0.64000
2001-05-11,0.68000
2001-05-14,0.73000
2001-05-15,0.69000
2001-05-16,0.73000
2001-05-17,0.72000
2001-05-18,0.70000
2001-05-21,0.76000
2001-05-22,0.69000
2001-05-23,0.70000
2001-05-24,0.67000
2001-05-25,0.71000
2001-05-28,
2001-05-29,0.71000
2001-05-30,0.75000
2001-05-31,0.77000
2001-06-01,0.73000
2001-06-04,0.73000
2001-06-05,0.74000
2001-06-06,0.75000
2001-06-07,0.70000
2001-06-08,0.73000
2001-06-11,0.74000
2001-06-12,0.75000
2001-06-13,0.74000
2001-06-14,0.71000
2001-06-15,0.75000
2001-06-18,0.74000
2001-06-19,0.80000
2001-06-20,0.78000
2001-06-21,0.74000
2001-06-22,0.77000
2001-06-25,0.75000
2001-06-26,0.72000
2001-06-27,0.77000
2001-06-28,0.69000
2001-06-29,0.81000
2001-07-02,0.85000
2001-07-03,0.81000
2001-07-04,
2001-07-05,0.78000
2001-07-06,0.78000
2001-07-09,0.80000
2001-07-10,0.80000
2001-07-11,0.76000
2001-07-12,0.82000
2001-07-13,0.79000
2001-07-16,0.80000
2001-07-17,0.78000
2001-07-18,0.79000
2001-07-19,0.75000
2001-07-20,0.74000
2001-07-23,0.75000
2001-07-24,0.74000
2001-07-25,0.70000
2001-07-26,0.73000
2001-07-27,0.71000
2001-07-30,0.74000
2001-07-31,0.73000
2001-08-01,0.72000
2001-08-02,0.71000
2001-08-03,0.73000
2001-08-06,0.75000
2001-08-07,0.71000
2001-08-08,0.79000
2001-08-09,0.65000
2001-08-10,0.67000
2001-08-13,0.64000
2001-08-14,0.69000
2001-08-15,0.68000
2001-08-16,0.72000
2001-08-17,0.71000
2001-08-20,0.71000
2001-08-21,0.71000
2001-08-22,0.72000
2001-08-23,0.70000
2001-08-24,0.69000
2001-08-27,0.67000
2001-08-28,0.68000
2001-08-29,0.66000
2001-08-30,0.63000
2001-08-31,0.66000
2001-09-03,
2001-09-04,0.63000
2001-09-05,0.65000
2001-09-06,0.68000
2001-09-07,0.59000
2001-09-10,0.62000
2001-09-11,
2001-09-12,
2001-09-13,
2001-09-14,0.69000
2001-09-17,0.59000
2001-09-18,0.55000
2001-09-19,0.53000
2001-09-20,0.44000
2001-09-21,0.50000
2001-09-24,0.51000
2001-09-25,0.44000
2001-09-26,0.53000
2001-09-27,0.49000
2001-09-28,0.46000
2001-10-01,0.54000
2001-10-02,0.50000
2001-10-03,0.43000
2001-10-04,0.48000
2001-10-05,0.48000
2001-10-08,
2001-10-09,0.48000
2001-10-10,0.53000
2001-10-11,0.51000
2001-10-12,0.53000
2001-10-15,0.56000
2001-10-16,0.53000
2001-10-17,0.55000
2001-10-18,0.52000
2001-10-19,0.48000
2001-10-22,0.49000
2001-10-23,0.52000
2001-10-24,0.54000
2001-10-25,0.53000
2001-10-26,0.57000
2001-10-29,0.50000
2001-10-30,0.51000
2001-10-31,0.71000
2001-11-01,0.56000
2001-11-02,0.58000
2001-11-05,0.70000
2001-11-06,0.61000
2001-11-07,0.63000
2001-11-08,0.59000
2001-11-09,0.58000
2001-11-12,
2001-11-13,0.59000
2001-11-14,0.52000
2001-11-15,0.47000
2001-11-16,0.57000
2001-11-19,0.64000
2001-11-20,0.58000
2001-11-21,0.71000
2001-11-22,
2001-11-23,0.63000
2001-11-26,0.59000
2001-11-27,0.75000
2001-11-28,0.67000
2001-11-29,0.83000
2001-11-30,0.67000
2001-12-03,0.70000
2001-12-04,0.65000
2001-12-05,0.69000
2001-12-06,0.66000
2001-12-07,0.74000
2001-12-10,0.70000
2001-12-11,0.68000
2001-12-12,0.70000
2001-12-13,0.61000
2001-12-14,0.66000
2001-12-17,0.82000
2001-12-18,0.80000
2001-12-19,0.75000
2001-12-20,0.75000
2001-12-21,0.75000
2001-12-24,0.74000
2001-12-25,
2001-12-26,0.76000
2001-12-27,0.79000
2001-12-28,0.77000
2001-12-31,0.76000
2002-01-01,
2002-01-02,0.64000
2002-01-03,0.70000
2002-01-04,0.71000
2002-01-07,0.69000
2002-01-08,0.64000
2002-01-09,0.69000
2002-01-10,0.69000
2002-01-11,0.66000
2002-01-14,0.55000
2002-01-15,0.65000
2002-01-16,0.59000
2002-01-17,0.63000
2002-01-18,0.72000
2002-01-21,
2002-01-22,0.67000
2002-01-23,0.57000
2002-01-24,0.64000
2002-01-25,0.69000
2002-01-28,0.69000
2002-01-29,0.75000
2002-01-30,0.70000
2002-01-31,0.67000
2002-02-01,0.72000
2002-02-04,0.74000
2002-02-05,0.74000
2002-02-06,0.70000
2002-02-07,0.72000
2002-02-08,0.72000
2002-02-11,0.71000
2002-02-12,0.64000
2002-02-13,0.70000
2002-02-14,0.71000
2002-02-15,0.68000
2002-02-18,
2002-02-19,0.51000
2002-02-20,0.52000
2002-02-21,0.51000
2002-02-22,0.53000
2002-02-25,0.53000
2002-02-26,0.50000
2002-02-27,0.54000
2002-02-28,0.47000
2002-03-01,0.48000
2002-03-04,0.52000
2002-03-05,0.52000
2002-03-06,0.46000
2002-03-07,0.49000
2002-03-08,0.48000
2002-03-11,0.51000
2002-03-12,0.48000
2002-03-13,0.52000
2002-03-14,0.50000
2002-03-15,0.56000
2002-03-18,0.50000
2002-03-19,0.47000
2002-03-20,0.49000
2002-03-21,0.58000
2002-03-22,0.48000
2002-03-25,0.50000
2002-03-26,0.48000
2002-03-27,0.44000
2002-03-28,0.48000
2002-03-29,
2002-04-01,0.49000
2002-04-02,0.55000
2002-04-03,0.47000
2002-04-04,0.45000
2002-04-05,0.46000
2002-04-08,0.42000
2002-04-09,0.47000
2002-04-10,0.46000
2002-04-11,0.46000
2002-04-12,0.45000
2002-04-15,0.46000
2002-04-16,0.47000
2002-04-17,0.38000
2002-04-18,0.40000
2002-04-19,0.42000
2002-04-22,0.42000
2002-04-23,0.37000
2002-04-24,0.43000
2002-04-25,0.38000
2002-04-26,0.39000
2002-04-29,0.39000
2002-04-30,0.38000
2002-05-01,0.36000
2002-05-02,0.40000
2002-05-03,0.43000
2002-05-06,0.44000
2002-05-07,0.43000
2002-05-08,0.39000
2002-05-09,0.45000
2002-05-10,0.49000
2002-05-13,0.42000
2002-05-14,0.47000
2002-05-15,0.46000
2002-05-16,0.46000
2002-05-17,0.43000
2002-05-20,0.45000
2002-05-21,0.38000
2002-05-22,0.38000
2002-05-23,0.36000
2002-05-24,0.39000
2002-05-27,
2002-05-28,0.38000
2002-05-29,0.36000
2002-05-30,0.37000
2002-05-31,0.38000
2002-06-03,0.37000
2002-06-04,0.31000
2002-06-05,0.34000
2002-06-06,0.36000
2002-06-07,0.31000
2002-06-10,0.40000
2002-06-11,0.42000
2002-06-12,0.38000
2002-06-13,0.36000
2002-06-14,0.33000
2002-06-17,0.35000
2002-06-18,0.37000
2002-06-19,0.34000
2002-06-20,0.24000
2002-06-21,0.35000
2002-06-24,0.28000
2002-06-25,0.35000
2002-06-26,0.26000
2002-06-27,0.26000
2002-06-28,0.32000
2002-07-01,0.36000
2002-07-02,0.31000
2002-07-03,0.31000
2002-07-04,
2002-07-05,0.29000
2002-07-08,0.35000
2002-07-09,0.39000
2002-07-10,0.37000
2002-07-11,0.22000
2002-07-12,0.27000
2002-07-15,0.21000
2002-07-16,0.26000
2002-07-17,0.31000
2002-07-18,0.28000
2002-07-19,0.26000
2002-07-22,0.28000
2002-07-23,0.28000
2002-07-24,0.14000
2002-07-25,0.26000
2002-07-26,0.31000
2002-07-29,0.25000
2002-07-30,0.30000
2002-07-31,0.35000
2002-08-01,0.30000
2002-08-02,0.33000
2002-08-05,0.28000
2002-08-06,0.28000
2002-08-07,0.25000
2002-08-08,0.25000
2002-08-09,0.28000
2002-08-12,0.25000
2002-08-13,0.29000
2002-08-14,0.22000
2002-08-15,0.26000
2002-08-16,0.26000
2002-08-19,0.32000
2002-08-20,0.34000
2002-08-21,0.23000
2002-08-22,0.24000
2002-08-23,0.24000
2002-08-26,0.21000
2002-08-27,0.20000
2002-08-28,0.22000
2002-08-29,0.20000
2002-08-30,0.26000
2002-09-02,
2002-09-03,0.23000
2002-09-04,0.25000
2002-09-05,0.26000
2002-09-06,0.17000
2002-09-09,0.23000
2002-09-10,0.30000
2002-09-11,0.27000
2002-09-12,0.22000
2002-09-13,0.22000
2002-09-16,0.21000
2002-09-17,0.20000
2002-09-18,0.20000
2002-09-19,0.22000
2002-09-20,0.20000
2002-09-23,0.25000
2002-09-24,0.27000
2002-09-25,0.21000
2002-09-26,0.29000
2002-09-27,0.25000
2002-09-30,0.20000
2002-10-01,0.15000
2002-10-02,0.17000
2002-10-03,0.17000
2002-10-04,0.20000
2002-10-07,0.16000
2002-10-08,0.13000
2002-10-09,0.15000
2002-10-10,0.19000
2002-10-11,0.14000
2002-10-14,
2002-10-15,0.12000
2002-10-16,0.20000
2002-10-17,0.19000
2002-10-18,0.29000
2002-10-21,0.17000
2002-10-22,0.25000
2002-10-23,0.21000
2002-10-24,0.26000
2002-10-25,0.19000
2002-10-28,0.13000
2002-10-29,0.07000
2002-10-30,0.13000
2002-10-31,0.15000
2002-11-01,0.19000
2002-11-04,0.17000
2002-11-05,0.15000
2002-11-06,0.16000
2002-11-07,0.13000
2002-11-08,0.15000
2002-11-11,
2002-11-12,0.11000
2002-11-13,0.23000
2002-11-14,0.17000
2002-11-15,0.27000
2002-11-18,0.25000
2002-11-19,0.18000
2002-11-20,0.10000
2002-11-21,0.24000
2002-11-22,0.22000
2002-11-25,0.20000
2002-11-26,0.23000
2002-11-27,0.20000
2002-11-28,
2002-11-29,0.25000
2002-12-02,0.24000
2002-12-03,0.21000
2002-12-04,0.22000
2002-12-05,0.24000
2002-12-06,0.24000
2002-12-09,0.22000
2002-12-10,0.22000
2002-12-11,0.23000
2002-12-12,0.21000
2002-12-13,0.14000
2002-12-16,0.13000
2002-12-17,0.15000
2002-12-18,0.16000
2002-12-19,0.17000
2002-12-20,0.16000
2002-12-23,0.16000
2002-12-24,0.12000
2002-12-25,
2002-12-26,0.14000
2002-12-27,0.14000
2002-12-30,0.14000
2002-12-31,0.05000
2003-01-01,
2003-01-02,0.15000
2003-01-03,0.16000
2003-01-06,0.15000
2003-01-07,0.12000
2003-01-08,0.15000
2003-01-09,0.15000
2003-01-10,0.21000
2003-01-13,0.18000
2003-01-14,0.18000
2003-01-15,0.18000
2003-01-16,0.20000
2003-01-17,0.17000
2003-01-20,
2003-01-21,0.17000
2003-01-22,0.16000
2003-01-23,0.18000
2003-01-24,0.16000
2003-01-27,0.19000
2003-01-28,0.22000
2003-01-29,0.14000
2003-01-30,0.20000
2003-01-31,0.19000
2003-02-03,0.24000
2003-02-04,0.19000
2003-02-05,0.17000
2003-02-06,0.21000
2003-02-07,0.22000
2003-02-10,0.15000
2003-02-11,0.17000
2003-02-12,0.13000
2003-02-13,0.16000
2003-02-14,0.13000
2003-02-17,
2003-02-18,0.13000
2003-02-19,0.10000
2003-02-20,0.10000
2003-02-21,0.09000
2003-02-24,0.08000
2003-02-25,0.10000
2003-02-26,0.11000
2003-02-27,0.10000
2003-02-28,0.16000
2003-03-03,0.07000
2003-03-04,0.09000
2003-03-05,0.07000
2003-03-06,0.08000
2003-03-07,0.10000
2003-03-10,0.07000
2003-03-11,0.04000
2003-03-12,0.09000
2003-03-13,0.04000
2003-03-14,0.11000
2003-03-17,0.08000
2003-03-18,0.04000
2003-03-19,0.06000
2003-03-20,0.07000
2003-03-21,0.08000
2003-03-24,0.11000
2003-03-25,0.07000
2003-03-26,0.05000
2003-03-27,0.03000
2003-03-28,0.05000
2003-03-31,0.06000
2003-04-01,0.06000
2003-04-02,0.06000
2003-04-03,0.06000
2003-04-04,0.04000
2003-04-07,0.09000
2003-04-08,0.08000
2003-04-09,0.06000
2003-04-10,0.01000
2003-04-11,0.04000
2003-04-14,0.05000
2003-04-15,0.04000
2003-04-16,0.07000
2003-04-17,0.03000
2003-04-18,
2003-04-21,0.06000
2003-04-22,0.03000
2003-04-23,0.07000
2003-04-24,0.04000
2003-04-25,0.03000
2003-04-28,0.04000
2003-04-29,0.04000
2003-04-30,0.06000
2003-05-01,-0.01000
2003-05-02,0.02000
2003-05-05,0.08000
2003-05-06,0.06000
2003-05-07,-0.01000
2003-05-08,-0.04000
2003-05-09,0.00000
2003-05-12,0.00000
2003-05-13,-0.02000
2003-05-14,0.04000
2003-05-15,0.02000
2003-05-16,0.03000
2003-05-19,0.03000
2003-05-20,0.14000
2003-05-21,0.04000
2003-05-22,0.09000
2003-05-23,0.10000
2003-05-26,
2003-05-27,0.05000
2003-05-28,0.13000
2003-05-29,0.12000
2003-05-30,0.11000
2003-06-02,0.07000
2003-06-03,0.07000
2003-06-04,0.10000
2003-06-05,-0.03000
2003-06-06,0.02000
2003-06-09,0.02000
2003-06-10,0.07000
2003-06-11,0.01000
2003-06-12,0.02000
2003-06-13,0.02000
2003-06-16,-0.04000
2003-06-17,-0.01000
2003-06-18,0.02000
2003-06-19,0.04000
2003-06-20,0.02000
2003-06-23,0.08000
2003-06-24,0.07000
2003-06-25,-0.05000
2003-06-26,-0.03000
2003-06-27,0.00000
2003-06-30,0.03000
2003-07-01,-0.02000
2003-07-02,0.05000
2003-07-03,0.01000
2003-07-04,
2003-07-07,-0.01000
2003-07-08,0.05000
2003-07-09,0.08000
2003-07-10,0.06000
2003-07-11,0.06000
2003-07-14,0.00000
2003-07-15,0.03000
2003-07-16,0.12000
2003-07-17,0.18000
2003-07-18,0.15000
2003-07-21,0.04000
2003-07-22,0.19000
2003-07-23,0.12000
2003-07-24,0.18000
2003-07-25,0.03000
2003-07-28,0.09000
2003-07-29,0.09000
2003-07-30,0.18000
2003-07-31,0.15000
2003-08-01,0.40000
2003-08-04,0.37000
2003-08-05,0.26000
2003-08-06,0.28000
2003-08-07,0.16000
2003-08-08,0.05000
2003-08-11,0.17000
2003-08-12,0.19000
2003-08-13,0.25000
2003-08-14,0.30000
2003-08-15,0.20000
2003-08-18,0.25000
2003-08-19,0.29000
2003-08-20,0.26000
2003-08-21,0.23000
2003-08-22,0.28000
2003-08-25,0.31000
2003-08-26,0.34000
2003-08-27,0.32000
2003-08-28,0.30000
2003-08-29,0.35000
2003-09-01,
2003-09-02,0.30000
2003-09-03,0.35000
2003-09-04,0.34000
2003-09-05,0.29000
2003-09-08,0.17000
2003-09-09,0.24000
2003-09-10,0.26000
2003-09-11,0.20000
2003-09-12,0.10000
2003-09-15,0.19000
2003-09-16,0.22000
2003-09-17,0.21000
2003-09-18,0.21000
2003-09-19,0.18000
2003-09-22,0.23000
2003-09-23,0.21000
2003-09-24,0.24000
2003-09-25,0.14000
2003-09-26,0.16000
2003-09-29,0.11000
2003-09-30,0.15000
2003-10-01,0.16000
2003-10-02,0.22000
2003-10-03,0.19000
2003-10-06,0.22000
2003-10-07,0.17000
2003-10-08,0.16000
2003-10-09,0.20000
2003-10-10,0.15000
2003-10-13,
2003-10-14,0.15000
2003-10-15,0.22000
2003-10-16,0.16000
2003-10-17,0.25000
2003-10-20,0.19000
2003-10-21,0.19000
2003-10-22,0.17000
2003-10-23,0.13000
2003-10-24,0.20000
2003-10-27,0.12000
2003-10-28,0.16000
2003-10-29,0.10000
2003-10-30,0.19000
2003-10-31,0.16000
2003-11-03,0.20000
2003-11-04,0.17000
2003-11-05,0.13000
2003-11-06,0.16000
2003-11-07,0.22000
2003-11-10,0.16000
2003-11-11,
2003-11-12,0.20000
2003-11-13,0.22000
2003-11-14,0.15000
2003-11-17,0.15000
2003-11-18,0.19000
2003-11-19,0.12000
2003-11-20,0.21000
2003-11-21,0.15000
2003-11-24,0.16000
2003-11-25,0.18000
2003-11-26,0.13000
2003-11-27,
2003-11-28,0.21000
2003-12-01,0.24000
2003-12-02,0.24000
2003-12-03,0.18000
2003-12-04,0.21000
2003-12-05,0.18000
2003-12-08,0.14000
2003-12-09,0.14000
2003-12-10,0.17000
2003-12-11,0.20000
2003-12-12,0.13000
2003-12-15,0.15000
2003-12-16,0.17000
2003-12-17,0.17000
2003-12-18,0.21000
2003-12-19,0.17000
2003-12-22,0.14000
2003-12-23,0.12000
2003-12-24,0.20000
2003-12-25,
2003-12-26,0.15000
2003-12-29,0.15000
2003-12-30,0.14000
2003-12-31,0.17000
2004-01-01,
2004-01-02,0.19000
2004-01-05,0.23000
2004-01-06,0.15000
2004-01-07,0.18000
2004-01-08,0.19000
2004-01-09,0.14000
2004-01-12,0.12000
2004-01-13,0.18000
2004-01-14,0.18000
2004-01-15,0.15000
2004-01-16,0.12000
2004-01-19,
2004-01-20,0.12000
2004-01-21,0.18000
2004-01-22,0.17000
2004-01-23,0.06000
2004-01-26,0.14000
2004-01-27,0.17000
2004-01-28,0.09000
2004-01-29,0.24000
2004-01-30,0.21000
2004-02-02,0.16000
2004-02-03,0.17000
2004-02-04,0.19000
2004-02-05,0.15000
2004-02-06,0.16000
2004-02-09,0.18000
2004-02-10,0.18000
2004-02-11,0.29000
2004-02-12,0.11000
2004-02-13,0.16000
2004-02-16,
2004-02-17,0.18000
2004-02-18,0.12000
2004-02-19,0.20000
2004-02-20,0.17000
2004-02-23,0.15000
2004-02-24,0.14000
2004-02-25,0.19000
2004-02-26,0.19000
2004-02-27,0.20000
2004-03-01,0.20000
2004-03-02,0.16000
2004-03-03,0.26000
2004-03-04,0.25000
2004-03-05,0.14000
2004-03-08,0.16000
2004-03-09,0.15000
2004-03-10,0.16000
2004-03-11,0.10000
2004-03-12,0.08000
2004-03-15,0.10000
2004-03-16,0.19000
2004-03-17,0.09000
2004-03-18,0.10000
2004-03-19,0.10000
2004-03-22,0.14000
2004-03-23,0.13000
2004-03-24,0.12000
2004-03-25,0.13000
2004-03-26,0.12000
2004-03-29,0.18000
2004-03-30,0.14000
2004-03-31,0.16000
2004-04-01,0.14000
2004-04-02,0.16000
2004-04-05,0.19000
2004-04-06,0.18000
2004-04-07,0.13000
2004-04-08,0.18000
2004-04-09,
2004-04-12,0.20000
2004-04-13,0.21000
2004-04-14,0.27000
2004-04-15,0.18000
2004-04-16,0.19000
2004-04-19,0.16000
2004-04-20,0.20000
2004-04-21,0.21000
2004-04-22,0.21000
2004-04-23,0.19000
2004-04-26,0.19000
2004-04-27,0.20000
2004-04-28,0.17000
2004-04-29,0.18000
2004-04-30,0.24000
2004-05-03,0.19000
2004-05-04,0.17000
2004-05-05,0.21000
2004-05-06,0.27000
2004-05-07,0.33000
2004-05-10,0.33000
2004-05-11,0.34000
2004-05-12,0.30000
2004-05-13,0.31000
2004-05-14,0.34000
2004-05-17,0.30000
2004-05-18,0.26000
2004-05-19,0.29000
2004-05-20,0.30000
2004-05-21,0.25000
2004-05-24,0.31000
2004-05-25,0.32000
2004-05-26,0.32000
2004-05-27,0.28000
2004-05-28,0.31000
2004-05-31,
2004-06-01,0.31000
2004-06-02,0.31000
2004-06-03,0.32000
2004-06-04,0.28000
2004-06-07,0.36000
2004-06-08,0.34000
2004-06-09,0.33000
2004-06-10,0.36000
2004-06-11,
2004-06-14,0.32000
2004-06-15,0.35000
2004-06-16,0.36000
2004-06-17,0.39000
2004-06-18,0.28000
2004-06-21,0.32000
2004-06-22,0.32000
2004-06-23,0.36000
2004-06-24,0.27000
2004-06-25,0.34000
2004-06-28,0.29000
2004-06-29,0.35000
2004-06-30,0.28000
2004-07-01,0.33000
2004-07-02,0.27000
2004-07-05,
2004-07-06,0.26000
2004-07-07,0.25000
2004-07-08,0.25000
2004-07-09,0.28000
2004-07-12,0.30000
2004-07-13,0.32000
2004-07-14,0.28000
2004-07-15,0.30000
2004-07-16,0.28000
2004-07-19,0.26000
2004-07-20,0.25000
2004-07-21,0.28000
2004-07-22,0.24000
2004-07-23,0.28000
2004-07-26,0.30000
2004-07-27,0.20000
2004-07-28,0.28000
2004-07-29,0.31000
2004-07-30,0.30000
2004-08-02,0.30000
2004-08-03,0.30000
2004-08-04,0.29000
2004-08-05,0.30000
2004-08-06,0.25000
2004-08-09,0.24000
2004-08-10,0.21000
2004-08-11,0.28000
2004-08-12,0.26000
2004-08-13,0.27000
2004-08-16,0.27000
2004-08-17,0.26000
2004-08-18,0.27000
2004-08-19,0.24000
2004-08-20,0.25000
2004-08-23,0.28000
2004-08-24,0.29000
2004-08-25,0.26000
2004-08-26,0.28000
2004-08-27,0.26000
2004-08-30,0.28000
2004-08-31,0.29000
2004-09-01,0.29000
2004-09-02,0.25000
2004-09-03,0.29000
2004-09-06,
2004-09-07,0.30000
2004-09-08,0.35000
2004-09-09,0.24000
2004-09-10,0.27000
2004-09-13,0.28000
2004-09-14,0.28000
2004-09-15,0.27000
2004-09-16,0.33000
2004-09-17,0.26000
2004-09-20,0.29000
2004-09-21,0.27000
2004-09-22,0.27000
2004-09-23,0.24000
2004-09-24,0.29000
2004-09-27,0.27000
2004-09-28,0.20000
2004-09-29,0.23000
2004-09-30,0.28000
2004-10-01,0.23000
2004-10-04,0.28000
2004-10-05,0.25000
2004-10-06,0.27000
2004-10-07,0.28000
2004-10-08,0.28000
2004-10-11,
2004-10-12,0.29000
2004-10-13,0.26000
2004-10-14,0.27000
2004-10-15,0.28000
2004-10-18,0.28000
2004-10-19,0.28000
2004-10-20,0.26000
2004-10-21,0.26000
2004-10-22,0.24000
2004-10-25,0.22000
2004-10-26,0.21000
2004-10-27,0.13000
2004-10-28,0.28000
2004-10-29,0.29000
2004-11-01,0.26000
2004-11-02,0.30000
2004-11-03,0.35000
2004-11-04,0.27000
2004-11-05,0.28000
2004-11-08,0.31000
2004-11-09,0.29000
2004-11-10,0.29000
2004-11-11,
2004-11-12,0.32000
2004-11-15,0.29000
2004-11-16,0.31000
2004-11-17,0.36000
2004-11-18,0.36000
2004-11-19,0.31000
2004-11-22,0.33000
2004-11-23,0.29000
2004-11-24,0.29000
2004-11-25,
2004-11-26,0.30000
2004-11-29,0.29000
2004-11-30,0.30000
2004-12-01,0.33000
2004-12-02,0.32000
2004-12-03,0.33000
2004-12-06,0.33000
2004-12-07,0.33000
2004-12-08,0.36000
2004-12-09,0.28000
2004-12-10,0.32000
2004-12-13,0.34000
2004-12-14,0.39000
2004-12-15,0.34000
2004-12-16,0.29000
2004-12-17,0.33000
2004-12-20,0.32000
2004-12-21,0.38000
2004-12-22,0.38000
2004-12-23,0.35000
2004-12-24,
2004-12-27,0.34000
2004-12-28,0.40000
2004-12-29,0.34000
2004-12-30,0.34000
2004-12-31,0.38000
2005-01-03,0.38000
2005-01-04,0.32000
2005-01-05,0.37000
2005-01-06,0.34000
2005-01-07,0.34000
2005-01-10,0.37000
2005-01-11,0.36000
2005-01-12,0.37000
2005-01-13,0.33000
2005-01-14,0.31000
2005-01-17,
2005-01-18,0.39000
2005-01-19,0.36000
2005-01-20,0.35000
2005-01-21,0.34000
2005-01-24,0.39000
2005-01-25,0.32000
2005-01-26,0.35000
2005-01-27,0.34000
2005-01-28,0.36000
2005-01-31,0.37000
2005-02-01,0.36000
2005-02-02,0.38000
2005-02-03,0.40000
2005-02-04,0.39000
2005-02-07,0.42000
2005-02-08,0.39000
2005-02-09,0.37000
2005-02-10,0.33000
2005-02-11,0.36000
2005-02-14,0.42000
2005-02-15,0.40000
2005-02-16,0.41000
2005-02-17,0.38000
2005-02-18,0.43000
2005-02-21,
2005-02-22,0.39000
2005-02-23,0.36000
2005-02-24,0.41000
2005-02-25,0.47000
2005-02-28,0.36000
2005-03-01,0.49000
2005-03-02,0.48000
2005-03-03,0.47000
2005-03-04,0.47000
2005-03-07,0.43000
2005-03-08,0.47000
2005-03-09,0.41000
2005-03-10,0.54000
2005-03-11,0.49000
2005-03-14,0.52000
2005-03-15,0.44000
2005-03-16,0.50000
2005-03-17,0.51000
2005-03-18,0.47000
2005-03-21,0.46000
2005-03-22,0.40000
2005-03-23,0.54000
2005-03-24,0.50000
2005-03-25,
2005-03-28,0.50000
2005-03-29,0.51000
2005-03-30,0.57000
2005-03-31,0.52000
2005-04-01,0.57000
2005-04-04,0.51000
2005-04-05,0.52000
2005-04-06,0.52000
2005-04-07,0.46000
2005-04-08,0.57000
2005-04-11,0.54000
2005-04-12,0.59000
2005-04-13,0.49000
2005-04-14,0.44000
2005-04-15,0.50000
2005-04-18,0.46000
2005-04-19,0.48000
2005-04-20,0.47000
2005-04-21,0.45000
2005-04-22,0.47000
2005-04-25,0.50000
2005-04-26,0.49000
2005-04-27,0.45000
2005-04-28,0.51000
2005-04-29,0.42000
2005-05-02,0.49000
2005-05-03,0.50000
2005-05-04,0.46000
2005-05-05,0.43000
2005-05-06,0.45000
2005-05-09,0.41000
2005-05-10,0.43000
2005-05-11,0.43000
2005-05-12,0.47000
2005-05-13,0.47000
2005-05-16,0.46000
2005-05-17,0.46000
2005-05-18,0.45000
2005-05-19,0.44000
2005-05-20,0.46000
2005-05-23,0.48000
2005-05-24,0.46000
2005-05-25,0.39000
2005-05-26,0.40000
2005-05-27,0.41000
2005-05-30,
2005-05-31,0.41000
2005-06-01,0.40000
2005-06-02,0.45000
2005-06-03,0.37000
2005-06-06,0.47000
2005-06-07,0.47000
2005-06-08,0.39000
2005-06-09,0.46000
2005-06-10,0.43000
2005-06-13,0.41000
2005-06-14,0.43000
2005-06-15,0.44000
2005-06-16,0.50000
2005-06-17,0.45000
2005-06-20,0.50000
2005-06-21,0.44000
2005-06-22,0.47000
2005-06-23,0.42000
2005-06-24,0.42000
2005-06-27,0.37000
2005-06-28,0.44000
2005-06-29,0.41000
2005-06-30,0.50000
2005-07-01,0.46000
2005-07-04,
2005-07-05,0.47000
2005-07-06,0.48000
2005-07-07,0.46000
2005-07-08,0.45000
2005-07-11,0.54000
2005-07-12,0.48000
2005-07-13,0.49000
2005-07-14,0.47000
2005-07-15,0.49000
2005-07-18,0.44000
2005-07-19,0.52000
2005-07-20,0.57000
2005-07-21,0.49000
2005-07-22,0.54000
2005-07-25,0.48000
2005-07-26,0.50000
2005-07-27,0.53000
2005-07-28,0.53000
2005-07-29,0.54000
2005-08-01,0.55000
2005-08-02,0.49000
2005-08-03,0.51000
2005-08-04,0.48000
2005-08-05,0.49000
2005-08-08,0.48000
2005-08-09,0.53000
2005-08-10,0.48000
2005-08-11,0.53000
2005-08-12,0.52000
2005-08-15,0.48000
2005-08-16,0.45000
2005-08-17,0.40000
2005-08-18,0.50000
2005-08-19,0.50000
2005-08-22,0.52000
2005-08-23,0.48000
2005-08-24,0.49000
2005-08-25,0.47000
2005-08-26,0.43000
2005-08-29,0.43000
2005-08-30,0.45000
2005-08-31,0.48000
2005-09-01,0.44000
2005-09-02,0.49000
2005-09-05,
2005-09-06,0.43000
2005-09-07,0.43000
2005-09-08,0.42000
2005-09-09,0.46000
2005-09-12,0.42000
2005-09-13,0.45000
2005-09-14,0.43000
2005-09-15,0.40000
2005-09-16,0.45000
2005-09-19,0.44000
2005-09-20,0.51000
2005-09-21,0.43000
2005-09-22,0.43000
2005-09-23,0.46000
2005-09-26,0.44000
2005-09-27,0.46000
2005-09-28,0.52000
2005-09-29,0.49000
2005-09-30,0.50000
2005-10-03,0.52000
2005-10-04,0.45000
2005-10-05,0.49000
2005-10-06,0.50000
2005-10-07,0.55000
2005-10-10,
2005-10-11,0.49000
2005-10-12,0.49000
2005-10-13,0.52000
2005-10-14,0.52000
2005-10-17,0.50000
2005-10-18,0.54000
2005-10-19,0.49000
2005-10-20,0.57000
2005-10-21,0.54000
2005-10-24,0.49000
2005-10-25,0.45000
2005-10-26,0.52000
2005-10-27,0.53000
2005-10-28,0.54000
2005-10-31,0.54000
2005-11-01,0.56000
2005-11-02,0.58000
2005-11-03,0.60000
2005-11-04,0.58000
2005-11-07,0.56000
2005-11-08,0.55000
2005-11-09,0.59000
2005-11-10,0.60000
2005-11-11,
2005-11-14,0.56000
2005-11-15,0.59000
2005-11-16,0.60000
2005-11-17,0.60000
2005-11-18,0.54000
2005-11-21,0.56000
2005-11-22,0.54000
2005-11-23,0.49000
2005-11-24,
2005-11-25,0.53000
2005-11-28,0.56000
2005-11-29,0.55000
2005-11-30,0.57000
2005-12-01,0.57000
2005-12-02,0.60000
2005-12-05,0.58000
2005-12-06,0.59000
2005-12-07,0.60000
2005-12-08,0.61000
2005-12-09,0.55000
2005-12-12,0.59000
2005-12-13,0.59000
2005-12-14,0.56000
2005-12-15,0.60000
2005-12-16,0.53000
2005-12-19,0.54000
2005-12-20,0.55000
2005-12-21,0.55000
2005-12-22,0.55000
2005-12-23,0.59000
2005-12-26,
2005-12-27,0.59000
2005-12-28,0.52000
2005-12-29,0.58000
2005-12-30,0.54000
2006-01-02,
2006-01-03,0.53000
2006-01-04,0.53000
2006-01-05,0.55000
2006-01-06,0.55000
2006-01-09,0.52000
2006-01-10,0.46000
2006-01-11,0.50000
2006-01-12,0.53000
2006-01-13,0.54000
2006-01-16,
2006-01-17,0.50000
2006-01-18,0.45000
2006-01-19,0.50000
2006-01-20,0.46000
2006-01-23,0.49000
2006-01-24,0.50000
2006-01-25,0.48000
2006-01-26,0.53000
2006-01-27,0.48000
2006-01-30,0.52000
2006-01-31,0.48000
2006-02-01,0.49000
2006-02-02,0.50000
2006-02-03,0.52000
2006-02-06,0.50000
2006-02-07,0.50000
2006-02-08,0.47000
2006-02-09,0.66000
2006-02-10,0.54000
2006-02-13,0.60000
2006-02-14,0.56000
2006-02-15,0.58000
2006-02-16,0.60000
2006-02-17,0.60000
2006-02-20,
2006-02-21,0.58000
2006-02-22,0.59000
2006-02-23,0.60000
2006-02-24,0.58000
2006-02-27,0.54000
2006-02-28,0.59000
2006-03-01,0.57000
2006-03-02,0.60000
2006-03-03,0.59000
2006-03-06,0.58000
2006-03-07,0.61000
2006-03-08,0.60000
2006-03-09,0.60000
2006-03-10,0.61000
2006-03-13,0.59000
2006-03-14,0.59000
2006-03-15,0.60000
2006-03-16,0.58000
2006-03-17,0.58000
2006-03-20,0.56000
2006-03-21,0.58000
2006-03-22,0.58000
2006-03-23,0.57000
2006-03-24,0.58000
2006-03-27,0.57000
2006-03-28,0.57000
2006-03-29,0.57000
2006-03-30,0.60000
2006-03-31,0.59000
2006-04-03,0.61000
2006-04-04,0.57000
2006-04-05,0.59000
2006-04-06,0.59000
2006-04-07,0.57000
2006-04-10,0.59000
2006-04-11,0.59000
2006-04-12,0.56000
2006-04-13,0.59000
2006-04-14,
2006-04-17,0.61000
2006-04-18,0.60000
2006-04-19,0.58000
2006-04-20,0.57000
2006-04-21,0.61000
2006-04-24,0.56000
2006-04-25,0.55000
2006-04-26,0.57000
2006-04-27,0.57000
2006-04-28,0.59000
2006-05-01,0.56000
2006-05-02,0.56000
2006-05-03,0.59000
2006-05-04,0.58000
2006-05-05,0.57000
2006-05-08,0.58000
2006-05-09,0.56000
2006-05-10,0.56000
2006-05-11,0.56000
2006-05-12,0.54000
2006-05-15,0.57000
2006-05-16,0.56000
2006-05-17,0.56000
2006-05-18,0.58000
2006-05-19,0.55000
2006-05-22,0.54000
2006-05-23,0.58000
2006-05-24,0.59000
2006-05-25,0.54000
2006-05-26,0.57000
2006-05-29,
2006-05-30,0.58000
2006-05-31,0.55000
2006-06-01,0.57000
2006-06-02,0.60000
2006-06-05,0.60000
2006-06-06,0.61000
2006-06-07,0.61000
2006-06-08,0.59000
2006-06-09,0.59000
2006-06-12,0.59000
2006-06-13,0.60000
2006-06-14,0.58000
2006-06-15,0.61000
2006-06-16,0.56000
2006-06-19,0.61000
2006-06-20,0.61000
2006-06-21,0.60000
2006-06-22,0.61000
2006-06-23,0.60000
2006-06-26,0.61000
2006-06-27,0.62000
2006-06-28,0.59000
2006-06-29,0.62000
2006-06-30,0.67000
2006-07-03,0.64000
2006-07-04,
2006-07-05,0.65000
2006-07-06,0.64000
2006-07-07,0.62000
2006-07-10,0.66000
2006-07-11,0.62000
2006-07-12,0.65000
2006-07-13,0.64000
2006-07-14,0.64000
2006-07-17,0.65000
2006-07-18,0.64000
2006-07-19,0.67000
2006-07-20,0.63000
2006-07-21,0.60000
2006-07-24,0.58000
2006-07-25,0.59000
2006-07-26,0.62000
2006-07-27,0.58000
2006-07-28,0.58000
2006-07-31,0.59000
2006-08-01,0.59000
2006-08-02,0.61000
2006-08-03,0.60000
2006-08-04,0.58000
2006-08-07,0.57000
2006-08-08,0.56000
2006-08-09,0.55000
2006-08-10,0.55000
2006-08-11,0.54000
2006-08-14,0.53000
2006-08-15,0.55000
2006-08-16,0.54000
2006-08-17,0.51000
2006-08-18,0.53000
2006-08-21,0.53000
2006-08-22,0.51000
2006-08-23,0.55000
2006-08-24,0.52000
2006-08-25,0.53000
2006-08-28,0.53000
2006-08-29,0.55000
2006-08-30,0.53000
2006-08-31,0.54000
2006-09-01,0.54000
2006-09-04,
2006-09-05,0.50000
2006-09-06,0.52000
2006-09-07,0.51000
2006-09-08,0.49000
2006-09-11,0.50000
2006-09-12,0.55000
2006-09-13,0.50000
2006-09-14,0.47000
2006-09-15,0.48000
2006-09-18,0.55000
2006-09-19,0.54000
2006-09-20,0.53000
2006-09-21,0.56000
2006-09-22,0.53000
2006-09-25,0.51000
2006-09-26,0.52000
2006-09-27,0.51000
2006-09-28,0.52000
2006-09-29,0.53000
2006-10-02,0.52000
2006-10-03,0.52000
2006-10-04,0.53000
2006-10-05,0.54000
2006-10-06,0.52000
2006-10-09,
2006-10-10,0.54000
2006-10-11,0.51000
2006-10-12,0.54000
2006-10-13,0.56000
2006-10-16,0.55000
2006-10-17,0.50000
2006-10-18,0.55000
2006-10-19,0.55000
2006-10-20,0.55000
2006-10-23,0.56000
2006-10-24,0.55000
2006-10-25,0.58000
2006-10-26,0.55000
2006-10-27,0.55000
2006-10-30,0.56000
2006-10-31,0.57000
2006-11-01,0.55000
2006-11-02,0.53000
2006-11-03,0.54000
2006-11-06,0.59000
2006-11-07,0.53000
2006-11-08,0.59000
2006-11-09,0.55000
2006-11-10,0.55000
2006-11-13,0.56000
2006-11-14,0.56000
2006-11-15,0.54000
2006-11-16,0.50000
2006-11-17,0.54000
2006-11-20,0.54000
2006-11-21,0.55000
2006-11-22,0.54000
2006-11-23,
2006-11-24,0.51000
2006-11-27,0.56000
2006-11-28,0.52000
2006-11-29,0.50000
2006-11-30,0.53000
2006-12-01,0.50000
2006-12-04,0.49000
2006-12-05,0.49000
2006-12-06,0.47000
2006-12-07,0.49000
2006-12-08,0.48000
2006-12-11,0.52000
2006-12-12,0.54000
2006-12-13,0.48000
2006-12-14,0.47000
2006-12-15,0.43000
2006-12-18,0.50000
2006-12-19,0.49000
2006-12-20,0.51000
2006-12-21,0.54000
2006-12-22,0.49000
2006-12-25,
2006-12-26,0.50000
2006-12-27,0.48000
2006-12-28,0.52000
2006-12-29,0.51000
2007-01-01,
2007-01-02,0.51000
2007-01-03,0.51000
2007-01-04,0.50000
2007-01-05,0.53000
2007-01-08,0.51000
2007-01-09,0.51000
2007-01-10,0.53000
2007-01-11,0.51000
2007-01-12,0.52000
2007-01-15,
2007-01-16,0.53000
2007-01-17,0.50000
2007-01-18,0.56000
2007-01-19,0.53000
2007-01-22,0.53000
2007-01-23,0.49000
2007-01-24,0.52000
2007-01-25,0.50000
2007-01-26,0.52000
2007-01-29,0.53000
2007-01-30,0.55000
2007-01-31,0.58000
2007-02-01,0.53000
2007-02-02,0.51000
2007-02-05,0.51000
2007-02-06,0.55000
2007-02-07,0.51000
2007-02-08,0.56000
2007-02-09,0.56000
2007-02-12,0.56000
2007-02-13,0.56000
2007-02-14,0.57000
2007-02-15,0.53000
2007-02-16,0.54000
2007-02-19,
2007-02-20,0.55000
2007-02-21,0.55000
2007-02-22,0.54000
2007-02-23,0.55000
2007-02-26,0.58000
2007-02-27,0.63000
2007-02-28,0.57000
2007-03-01,0.57000
2007-03-02,0.60000
2007-03-05,0.59000
2007-03-06,0.55000
2007-03-07,0.57000
2007-03-08,0.56000
2007-03-09,0.55000
2007-03-12,0.57000
2007-03-13,0.58000
2007-03-14,0.53000
2007-03-15,0.56000
2007-03-16,0.56000
2007-03-19,0.55000
2007-03-20,0.54000
2007-03-21,0.59000
2007-03-22,0.51000
2007-03-23,0.53000
2007-03-26,0.52000
2007-03-27,0.55000
2007-03-28,0.51000
2007-03-29,0.55000
2007-03-30,0.56000
2007-04-02,0.55000
2007-04-03,0.54000
2007-04-04,0.53000
2007-04-05,0.53000
2007-04-06,0.57000
2007-04-09,0.56000
2007-04-10,0.54000
2007-04-11,0.53000
2007-04-12,0.55000
2007-04-13,0.57000
2007-04-16,0.57000
2007-04-17,0.55000
2007-04-18,0.56000
2007-04-19,0.54000
2007-04-20,0.56000
2007-04-23,0.56000
2007-04-24,0.55000
2007-04-25,0.54000
2007-04-26,0.55000
2007-04-27,0.55000
2007-04-30,0.59000
2007-05-01,0.60000
2007-05-02,0.58000
2007-05-03,0.58000
2007-05-04,0.58000
2007-05-07,0.58000
2007-05-08,0.56000
2007-05-09,0.55000
2007-05-10,0.57000
2007-05-11,0.53000
2007-05-14,0.55000
2007-05-15,0.56000
2007-05-16,0.56000
2007-05-17,0.57000
2007-05-18,0.55000
2007-05-21,0.62000
2007-05-22,0.54000
2007-05-23,0.57000
2007-05-24,0.62000
2007-05-25,0.58000
2007-05-28,
2007-05-29,0.58000
2007-05-30,0.58000
2007-05-31,0.63000
2007-06-01,0.59000
2007-06-04,0.63000
2007-06-05,0.61000
2007-06-06,0.62000
2007-06-07,0.64000
2007-06-08,0.71000
2007-06-11,0.68000
2007-06-12,0.67000
2007-06-13,0.73000
2007-06-14,0.61000
2007-06-15,0.66000
2007-06-18,0.67000
2007-06-19,0.67000
2007-06-20,0.64000
2007-06-21,0.64000
2007-06-22,0.72000
2007-06-25,0.70000
2007-06-26,0.65000
2007-06-27,0.65000
2007-06-28,0.63000
2007-06-29,0.73000
2007-07-02,0.70000
2007-07-03,0.68000
2007-07-04,
2007-07-05,0.65000
2007-07-06,0.69000
2007-07-09,0.68000
2007-07-10,0.74000
2007-07-11,0.69000
2007-07-12,0.70000
2007-07-13,0.74000
2007-07-16,0.75000
2007-07-17,0.75000
2007-07-18,0.74000
2007-07-19,0.73000
2007-07-20,0.72000
2007-07-23,0.74000
2007-07-24,0.75000
2007-07-25,0.74000
2007-07-26,0.82000
2007-07-27,0.77000
2007-07-30,0.77000
2007-07-31,0.80000
2007-08-01,0.77000
2007-08-02,0.76000
2007-08-03,0.77000
2007-08-06,0.76000
2007-08-07,0.72000
2007-08-08,0.69000
2007-08-09,0.66000
2007-08-10,0.63000
2007-08-13,0.72000
2007-08-14,0.70000
2007-08-15,0.72000
2007-08-16,0.76000
2007-08-17,0.68000
2007-08-20,0.69000
2007-08-21,0.68000
2007-08-22,0.67000
2007-08-23,0.67000
2007-08-24,0.66000
2007-08-27,0.60000
2007-08-28,0.61000
2007-08-29,0.60000
2007-08-30,0.63000
2007-08-31,0.65000
2007-09-03,
2007-09-04,0.65000
2007-09-05,0.65000
2007-09-06,0.61000
2007-09-07,0.59000
2007-09-10,0.58000
2007-09-11,0.60000
2007-09-12,0.60000
2007-09-13,0.60000
2007-09-14,0.65000
2007-09-17,0.67000
2007-09-18,0.62000
2007-09-19,0.58000
2007-09-20,0.52000
2007-09-21,0.66000
2007-09-24,0.64000
2007-09-25,0.58000
2007-09-26,0.63000
2007-09-27,0.65000
2007-09-28,0.57000
2007-10-01,0.63000
2007-10-02,0.62000
2007-10-03,0.62000
2007-10-04,0.64000
2007-10-05,0.60000
2007-10-08,
2007-10-09,0.59000
2007-10-10,0.61000
2007-10-11,0.64000
2007-10-12,0.56000
2007-10-15,0.62000
2007-10-16,0.60000
2007-10-17,0.63000
2007-10-18,0.62000
2007-10-19,0.60000
2007-10-22,0.60000
2007-10-23,0.61000
2007-10-24,0.60000
2007-10-25,0.58000
2007-10-26,0.60000
2007-10-29,0.62000
2007-10-30,0.60000
2007-10-31,0.55000
2007-11-01,0.63000
2007-11-02,0.63000
2007-11-05,0.66000
2007-11-06,0.66000
2007-11-07,0.68000
2007-11-08,0.67000
2007-11-09,0.67000
2007-11-12,
2007-11-13,0.66000
2007-11-14,0.66000
2007-11-15,0.72000
2007-11-16,0.67000
2007-11-19,0.72000
2007-11-20,0.71000
2007-11-21,0.73000
2007-11-22,
2007-11-23,0.69000
2007-11-26,0.78000
2007-11-27,0.63000
2007-11-28,0.54000
2007-11-29,0.56000
2007-11-30,0.56000
2007-12-03,0.54000
2007-12-04,0.55000
2007-12-05,0.55000
2007-12-06,0.51000
2007-12-07,0.60000
2007-12-10,0.64000
2007-12-11,0.68000
2007-12-12,0.65000
2007-12-13,0.53000
2007-12-14,0.56000
2007-12-17,0.60000
2007-12-18,0.56000
2007-12-19,0.62000
2007-12-20,0.50000
2007-12-21,0.49000
2007-12-24,0.58000
2007-12-25,
2007-12-26,0.49000
2007-12-27,0.63000
2007-12-28,0.58000
2007-12-31,0.58000
2008-01-01,
2008-01-02,0.58000
2008-01-03,0.60000
2008-01-04,0.50000
2008-01-07,0.55000
2008-01-08,0.54000
2008-01-09,0.52000
2008-01-10,0.44000
2008-01-11,0.54000
2008-01-14,0.51000
2008-01-15,0.52000
2008-01-16,0.44000
2008-01-17,0.54000
2008-01-18,0.51000
2008-01-21,
2008-01-22,0.53000
2008-01-23,0.33000
2008-01-24,0.44000
2008-01-25,0.52000
2008-01-28,0.42000
2008-01-29,0.43000
2008-01-30,0.38000
2008-01-31,0.44000
2008-02-01,0.43000
2008-02-04,0.46000
2008-02-05,0.40000
2008-02-06,0.45000
2008-02-07,0.35000
2008-02-08,0.51000
2008-02-11,0.44000
2008-02-12,0.51000
2008-02-13,0.46000
2008-02-14,0.42000
2008-02-15,0.53000
2008-02-18,
2008-02-19,0.48000
2008-02-20,0.56000
2008-02-21,0.47000
2008-02-22,0.47000
2008-02-25,0.54000
2008-02-26,0.51000
2008-02-27,0.48000
2008-02-28,0.45000
2008-02-29,0.48000
2008-03-03,0.46000
2008-03-04,0.36000
2008-03-05,0.44000
2008-03-06,0.51000
2008-03-07,0.50000
2008-03-10,0.51000
2008-03-11,0.47000
2008-03-12,0.50000
2008-03-13,0.31000
2008-03-14,0.39000
2008-03-17,0.34000
2008-03-18,0.30000
2008-03-19,0.34000
2008-03-20,0.32000
2008-03-21,
2008-03-24,0.27000
2008-03-25,0.32000
2008-03-26,0.29000
2008-03-27,0.34000
2008-03-28,0.41000
2008-03-31,0.33000
2008-04-01,0.35000
2008-04-02,0.39000
2008-04-03,0.34000
2008-04-04,0.35000
2008-04-07,0.33000
2008-04-08,0.33000
2008-04-09,0.40000
2008-04-10,0.36000
2008-04-11,0.35000
2008-04-14,0.32000
2008-04-15,0.36000
2008-04-16,0.32000
2008-04-17,0.40000
2008-04-18,0.47000
2008-04-21,0.38000
2008-04-22,0.35000
2008-04-23,0.37000
2008-04-24,0.37000
2008-04-25,0.35000
2008-04-28,0.38000
2008-04-29,0.29000
2008-04-30,0.38000
2008-05-01,0.29000
2008-05-02,0.32000
2008-05-05,0.34000
2008-05-06,0.27000
2008-05-07,0.38000
2008-05-08,0.37000
2008-05-09,0.31000
2008-05-12,0.28000
2008-05-13,0.28000
2008-05-14,0.30000
2008-05-15,0.35000
2008-05-16,0.21000
2008-05-19,0.31000
2008-05-20,0.34000
2008-05-21,0.32000
2008-05-22,0.35000
2008-05-23,0.34000
2008-05-26,
2008-05-27,0.35000
2008-05-28,0.35000
2008-05-29,0.41000
2008-05-30,0.37000
2008-06-02,0.42000
2008-06-03,0.47000
2008-06-04,0.32000
2008-06-05,0.41000
2008-06-06,0.47000
2008-06-09,0.49000
2008-06-10,0.40000
2008-06-11,0.39000
2008-06-12,0.41000
2008-06-13,0.40000
2008-06-16,0.48000
2008-06-17,0.43000
2008-06-18,0.42000
2008-06-19,0.41000
2008-06-20,0.42000
2008-06-23,0.43000
2008-06-24,0.49000
2008-06-25,0.52000
2008-06-26,0.45000
2008-06-27,0.49000
2008-06-30,0.42000
2008-07-01,0.43000
2008-07-02,0.48000
2008-07-03,0.50000
2008-07-04,
2008-07-07,0.56000
2008-07-08,0.54000
2008-07-09,0.51000
2008-07-10,0.47000
2008-07-11,0.36000
2008-07-14,0.45000
2008-07-15,0.40000
2008-07-16,0.40000
2008-07-17,0.38000
2008-07-18,0.47000
2008-07-21,0.52000
2008-07-22,0.45000
2008-07-23,0.45000
2008-07-24,0.43000
2008-07-25,0.38000
2008-07-28,0.39000
2008-07-29,0.46000
2008-07-30,0.44000
2008-07-31,0.41000
2008-08-01,0.46000
2008-08-04,0.42000
2008-08-05,0.43000
2008-08-06,0.46000
2008-08-07,0.57000
2008-08-08,0.49000
2008-08-11,0.43000
2008-08-12,0.46000
2008-08-13,0.40000
2008-08-14,0.46000
2008-08-15,0.49000
2008-08-18,0.48000
2008-08-19,0.46000
2008-08-20,0.48000
2008-08-21,0.40000
2008-08-22,0.45000
2008-08-25,0.44000
2008-08-26,0.45000
2008-08-27,0.47000
2008-08-28,0.46000
2008-08-29,0.37000
2008-09-01,
2008-09-02,0.46000
2008-09-03,0.44000
2008-09-04,0.42000
2008-09-05,0.36000
2008-09-08,0.43000
2008-09-09,0.37000
2008-09-10,0.33000
2008-09-11,0.36000
2008-09-12,0.27000
2008-09-15,0.49000
2008-09-16,0.27000
2008-09-17,0.36000
2008-09-18,0.33000
2008-09-19,0.33000
2008-09-22,0.44000
2008-09-23,0.39000
2008-09-24,0.37000
2008-09-25,0.42000
2008-09-26,0.40000
2008-09-29,0.45000
2008-09-30,0.29000
2008-10-01,0.32000
2008-10-02,0.35000
2008-10-03,0.39000
2008-10-06,0.30000
2008-10-07,0.30000
2008-10-08,0.18000
2008-10-09,0.13000
2008-10-10,0.10000
2008-10-13,
2008-10-14,0.08000
2008-10-15,0.22000
2008-10-16,0.12000
2008-10-17,0.15000
2008-10-20,0.25000
2008-10-21,0.08000
2008-10-22,0.11000
2008-10-23,0.06000
2008-10-24,-0.09000
2008-10-27,-0.11000
2008-10-28,-0.10000
2008-10-29,-0.06000
2008-10-30,0.04000
2008-10-31,0.01000
2008-11-03,0.15000
2008-11-04,0.25000
2008-11-05,0.06000
2008-11-06,0.04000
2008-11-07,-0.01000
2008-11-10,0.01000
2008-11-11,
2008-11-12,-0.03000
2008-11-13,-0.19000
2008-11-14,-0.15000
2008-11-17,-0.23000
2008-11-18,-0.20000
2008-11-19,-0.24000
2008-11-20,-0.41000
2008-11-21,-0.54000
2008-11-24,-0.37000
2008-11-25,-0.47000
2008-11-26,-0.36000
2008-11-27,
2008-11-28,-0.37000
2008-12-01,-0.32000
2008-12-02,-0.33000
2008-12-03,-0.30000
2008-12-04,-0.27000
2008-12-05,-0.43000
2008-12-08,-0.40000
2008-12-09,-0.33000
2008-12-10,-0.35000
2008-12-11,-0.35000
2008-12-12,-0.31000
2008-12-15,-0.24000
2008-12-16,-0.16000
2008-12-17,-0.35000
2008-12-18,-0.14000
2008-12-19,-0.03000
2008-12-22,0.01000
2008-12-23,0.06000
2008-12-24,0.08000
2008-12-25,
2008-12-26,0.10000
2008-12-29,0.04000
2008-12-30,0.13000
2008-12-31,0.00000
2009-01-01,
2009-01-02,-0.05000
2009-01-05,0.03000
2009-01-06,0.14000
2009-01-07,-0.06000
2009-01-08,-0.12000
2009-01-09,-0.22000
2009-01-12,-0.18000
2009-01-13,-0.23000
2009-01-14,-0.22000
2009-01-15,-0.22000
2009-01-16,-0.17000
2009-01-19,
2009-01-20,-0.11000
2009-01-21,-0.34000
2009-01-22,-0.24000
2009-01-23,-0.15000
2009-01-26,-0.18000
2009-01-27,-0.07000
2009-01-28,-0.36000
2009-01-29,-0.32000
2009-01-30,-0.26000
2009-02-02,-0.16000
2009-02-03,-0.31000
2009-02-04,-0.23000
2009-02-05,-0.25000
2009-02-06,-0.26000
2009-02-09,-0.17000
2009-02-10,-0.21000
2009-02-11,-0.25000
2009-02-12,-0.26000
2009-02-13,-0.37000
2009-02-16,
2009-02-17,-0.26000
2009-02-18,-0.38000
2009-02-19,-0.37000
2009-02-20,-0.31000
2009-02-23,-0.34000
2009-02-24,-0.35000
2009-02-25,-0.37000
2009-02-26,-0.21000
2009-02-27,-0.25000
2009-03-02,-0.26000
2009-03-03,-0.24000
2009-03-04,-0.25000
2009-03-05,-0.21000
2009-03-06,-0.32000
2009-03-09,-0.30000
2009-03-10,-0.36000
2009-03-11,-0.27000
2009-03-12,-0.35000
2009-03-13,-0.39000
2009-03-16,-0.34000
2009-03-17,-0.47000
2009-03-18,-0.11000
2009-03-19,-0.43000
2009-03-20,-0.30000
2009-03-23,-0.31000
2009-03-24,-0.17000
2009-03-25,-0.35000
2009-03-26,-0.25000
2009-03-27,-0.33000
2009-03-30,-0.36000
2009-03-31,-0.31000
2009-04-01,-0.26000
2009-04-02,-0.33000
2009-04-03,-0.36000
2009-04-06,-0.32000
2009-04-07,-0.27000
2009-04-08,-0.23000
2009-04-09,-0.28000
2009-04-10,
2009-04-13,-0.27000
2009-04-14,-0.25000
2009-04-15,-0.32000
2009-04-16,-0.40000
2009-04-17,-0.36000
2009-04-20,-0.31000
2009-04-21,-0.41000
2009-04-22,-0.39000
2009-04-23,-0.35000
2009-04-24,-0.38000
2009-04-27,-0.33000
2009-04-28,-0.52000
2009-04-29,-0.52000
2009-04-30,-0.44000
2009-05-01,-0.38000
2009-05-04,-0.33000
2009-05-05,-0.39000
2009-05-06,-0.44000
2009-05-07,-0.51000
2009-05-08,-0.46000
2009-05-11,-0.39000
2009-05-12,-0.38000
2009-05-13,-0.43000
2009-05-14,-0.39000
2009-05-15,-0.41000
2009-05-18,-0.50000
2009-05-19,-0.41000
2009-05-20,-0.34000
2009-05-21,-0.52000
2009-05-22,-0.39000
2009-05-25,
2009-05-26,-0.37000
2009-05-27,-0.30000
2009-05-28,-0.16000
2009-05-29,-0.16000
2009-06-01,-0.27000
2009-06-02,-0.10000
2009-06-03,-0.13000
2009-06-04,-0.22000
2009-06-05,-0.08000
2009-06-08,-0.17000
2009-06-09,-0.21000
2009-06-10,-0.23000
2009-06-11,-0.07000
2009-06-12,-0.24000
2009-06-15,-0.29000
2009-06-16,-0.15000
2009-06-17,-0.31000
2009-06-18,-0.30000
2009-06-19,-0.08000
2009-06-22,-0.12000
2009-06-23,-0.10000
2009-06-24,-0.12000
2009-06-25,-0.08000
2009-06-26,-0.16000
2009-06-29,-0.19000
2009-06-30,-0.15000
2009-07-01,-0.09000
2009-07-02,-0.16000
2009-07-03,
2009-07-06,-0.16000
2009-07-07,-0.15000
2009-07-08,-0.12000
2009-07-09,-0.29000
2009-07-10,-0.27000
2009-07-13,-0.29000
2009-07-14,-0.29000
2009-07-15,-0.24000
2009-07-16,-0.24000
2009-07-17,-0.22000
2009-07-20,-0.12000
2009-07-21,-0.19000
2009-07-22,-0.27000
2009-07-23,-0.30000
2009-07-24,-0.19000
2009-07-27,-0.20000
2009-07-28,-0.20000
2009-07-29,-0.19000
2009-07-30,-0.04000
2009-07-31,-0.05000
2009-08-03,-0.10000
2009-08-04,-0.10000
2009-08-05,-0.21000
2009-08-06,-0.10000
2009-08-07,0.01000
2009-08-10,0.02000
2009-08-11,-0.05000
2009-08-12,-0.14000
2009-08-13,-0.08000
2009-08-14,-0.21000
2009-08-17,-0.16000
2009-08-18,-0.18000
2009-08-19,-0.14000
2009-08-20,-0.07000
2009-08-21,-0.14000
2009-08-24,0.02000
2009-08-25,-0.02000
2009-08-26,-0.07000
2009-08-27,-0.12000
2009-08-28,-0.08000
2009-08-31,-0.07000
2009-09-01,-0.05000
2009-09-02,-0.03000
2009-09-03,-0.11000
2009-09-04,-0.20000
2009-09-07,
2009-09-08,-0.17000
2009-09-09,-0.14000
2009-09-10,-0.08000
2009-09-11,-0.23000
2009-09-14,-0.15000
2009-09-15,-0.13000
2009-09-16,-0.10000
2009-09-17,-0.10000
2009-09-18,-0.14000
2009-09-21,-0.13000
2009-09-22,-0.05000
2009-09-23,-0.10000
2009-09-24,-0.09000
2009-09-25,-0.05000
2009-09-28,-0.12000
2009-09-29,-0.13000
2009-09-30,-0.12000
2009-10-01,-0.10000
2009-10-02,-0.17000
2009-10-05,-0.15000
2009-10-06,-0.12000
2009-10-07,-0.06000
2009-10-08,-0.22000
2009-10-09,-0.15000
2009-10-12,
2009-10-13,-0.12000
2009-10-14,-0.17000
2009-10-15,-0.13000
2009-10-16,-0.05000
2009-10-19,-0.07000
2009-10-20,-0.10000
2009-10-21,-0.07000
2009-10-22,-0.08000
2009-10-23,-0.10000
2009-10-26,-0.07000
2009-10-27,-0.01000
2009-10-28,-0.09000
2009-10-29,-0.13000
2009-10-30,-0.03000
2009-11-02,-0.10000
2009-11-03,-0.14000
2009-11-04,-0.14000
2009-11-05,-0.09000
2009-11-06,-0.09000
2009-11-09,-0.13000
2009-11-10,-0.18000
2009-11-11,
2009-11-12,-0.14000
2009-11-13,-0.11000
2009-11-16,-0.10000
2009-11-17,-0.13000
2009-11-18,-0.14000
2009-11-19,-0.16000
2009-11-20,-0.11000
2009-11-23,-0.10000
2009-11-24,-0.09000
2009-11-25,-0.09000
2009-11-26,
2009-11-27,-0.14000
2009-11-30,-0.15000
2009-12-01,-0.20000
2009-12-02,-0.14000
2009-12-03,-0.18000
2009-12-04,-0.12000
2009-12-07,-0.14000
2009-12-08,-0.19000
2009-12-09,-0.19000
2009-12-10,-0.19000
2009-12-11,-0.11000
2009-12-14,-0.17000
2009-12-15,-0.16000
2009-12-16,-0.17000
2009-12-17,-0.11000
2009-12-18,-0.20000
2009-12-21,-0.17000
2009-12-22,-0.10000
2009-12-23,-0.16000
2009-12-24,-0.15000
2009-12-25,
2009-12-28,-0.12000
2009-12-29,-0.08000
2009-12-30,-0.12000
2009-12-31,-0.07000
2010-01-01,
2010-01-04,-0.14000
2010-01-05,-0.13000
2010-01-06,-0.18000
2010-01-07,-0.16000
2010-01-08,-0.12000
2010-01-11,-0.18000
2010-01-12,-0.12000
2010-01-13,-0.22000
2010-01-14,-0.10000
2010-01-15,-0.14000
2010-01-18,
2010-01-19,-0.10000
2010-01-20,-0.11000
2010-01-21,-0.09000
2010-01-22,-0.06000
2010-01-25,-0.12000
2010-01-26,-0.13000
2010-01-27,-0.13000
2010-01-28,-0.10000
2010-01-29,-0.07000
2010-02-01,-0.10000
2010-02-02,-0.08000
2010-02-03,-0.13000
2010-02-04,-0.08000
2010-02-05,-0.11000
2010-02-08,-0.14000
2010-02-09,-0.22000
2010-02-10,-0.23000
2010-02-11,-0.16000
2010-02-12,-0.15000
2010-02-15,
2010-02-16,-0.10000
2010-02-17,-0.16000
2010-02-18,-0.15000
2010-02-19,-0.11000
2010-02-22,-0.15000
2010-02-23,-0.09000
2010-02-24,-0.15000
2010-02-25,-0.14000
2010-02-26,-0.14000
2010-03-01,-0.12000
2010-03-02,-0.12000
2010-03-03,-0.14000
2010-03-04,-0.16000
2010-03-05,-0.15000
2010-03-08,-0.16000
2010-03-09,-0.17000
2010-03-10,-0.15000
2010-03-11,-0.12000
2010-03-12,-0.13000
2010-03-15,-0.12000
2010-03-16,-0.11000
2010-03-17,-0.13000
2010-03-18,-0.16000
2010-03-19,-0.13000
2010-03-22,-0.13000
2010-03-23,-0.19000
2010-03-24,-0.28000
2010-03-25,-0.29000
2010-03-26,-0.25000
2010-03-29,-0.21000
2010-03-30,-0.19000
2010-03-31,-0.18000
2010-04-01,-0.16000
2010-04-02,-0.18000
2010-04-05,-0.19000
2010-04-06,-0.19000
2010-04-07,-0.11000
2010-04-08,-0.23000
2010-04-09,-0.16000
2010-04-12,-0.19000
2010-04-13,-0.21000
2010-04-14,-0.24000
2010-04-15,-0.21000
2010-04-16,-0.18000
2010-04-19,-0.23000
2010-04-20,-0.17000
2010-04-21,-0.18000
2010-04-22,-0.24000
2010-04-23,-0.19000
2010-04-26,-0.21000
2010-04-27,-0.13000
2010-04-28,-0.22000
2010-04-29,-0.22000
2010-04-30,-0.21000
2010-05-03,-0.20000
2010-05-04,-0.19000
2010-05-05,-0.21000
2010-05-06,-0.03000
2010-05-07,-0.30000
2010-05-10,-0.18000
2010-05-11,-0.16000
2010-05-12,-0.20000
2010-05-13,-0.20000
2010-05-14,-0.16000
2010-05-17,-0.22000
2010-05-18,-0.13000
2010-05-19,-0.17000
2010-05-20,-0.20000
2010-05-21,-0.28000
2010-05-24,-0.24000
2010-05-25,-0.23000
2010-05-26,-0.16000
2010-05-27,-0.16000
2010-05-28,-0.17000
2010-05-31,
2010-06-01,-0.17000
2010-06-02,-0.21000
2010-06-03,-0.17000
2010-06-04,-0.12000
2010-06-07,-0.16000
2010-06-08,-0.16000
2010-06-09,-0.15000
2010-06-10,-0.25000
2010-06-11,-0.14000
2010-06-14,-0.14000
2010-06-15,-0.21000
2010-06-16,-0.16000
2010-06-17,-0.20000
2010-06-18,-0.19000
2010-06-21,-0.19000
2010-06-22,-0.18000
2010-06-23,-0.19000
2010-06-24,-0.23000
2010-06-25,-0.20000
2010-06-28,-0.15000
2010-06-29,-0.16000
2010-06-30,-0.19000
2010-07-01,-0.23000
2010-07-02,-0.20000
2010-07-05,
2010-07-06,-0.16000
2010-07-07,-0.23000
2010-07-08,-0.20000
2010-07-09,-0.21000
2010-07-12,-0.23000
2010-07-13,-0.25000
2010-07-14,-0.17000
2010-07-15,-0.22000
2010-07-16,-0.25000
2010-07-19,-0.27000
2010-07-20,-0.27000
2010-07-21,-0.18000
2010-07-22,-0.27000
2010-07-23,-0.28000
2010-07-26,-0.22000
2010-07-27,-0.28000
2010-07-28,-0.27000
2010-07-29,-0.29000
2010-07-30,-0.24000
2010-08-02,-0.33000
2010-08-03,-0.31000
2010-08-04,-0.30000
2010-08-05,-0.30000
2010-08-06,-0.28000
2010-08-09,-0.31000
2010-08-10,-0.34000
2010-08-11,-0.33000
2010-08-12,-0.39000
2010-08-13,-0.37000
2010-08-16,-0.40000
2010-08-17,-0.42000
2010-08-18,-0.40000
2010-08-19,-0.38000
2010-08-20,-0.41000
2010-08-23,-0.33000
2010-08-24,-0.33000
2010-08-25,-0.43000
2010-08-26,-0.33000
2010-08-27,-0.45000
2010-08-30,-0.33000
2010-08-31,-0.34000
2010-09-01,-0.33000
2010-09-02,-0.36000
2010-09-03,-0.37000
2010-09-06,
2010-09-07,-0.36000
2010-09-08,-0.37000
2010-09-09,-0.43000
2010-09-10,-0.37000
2010-09-13,-0.32000
2010-09-14,-0.36000
2010-09-15,-0.41000
2010-09-16,-0.34000
2010-09-17,-0.35000
2010-09-20,-0.32000
2010-09-21,-0.29000
2010-09-22,-0.35000
2010-09-23,-0.37000
2010-09-24,-0.37000
2010-09-27,-0.34000
2010-09-28,-0.37000
2010-09-29,-0.42000
2010-09-30,-0.34000
2010-10-01,-0.34000
2010-10-04,-0.36000
2010-10-05,-0.38000
2010-10-06,-0.36000
2010-10-07,-0.37000
2010-10-08,-0.43000
2010-10-11,
2010-10-12,-0.42000
2010-10-13,-0.36000
2010-10-14,-0.46000
2010-10-15,-0.39000
2010-10-18,-0.38000
2010-10-19,-0.33000
2010-10-20,-0.37000
2010-10-21,-0.44000
2010-10-22,-0.40000
2010-10-25,-0.41000
2010-10-26,-0.41000
2010-10-27,-0.40000
2010-10-28,-0.37000
2010-10-29,-0.33000
2010-11-01,-0.32000
2010-11-02,-0.26000
2010-11-03,-0.50000
2010-11-04,-0.36000
2010-11-05,-0.37000
2010-11-08,-0.39000
2010-11-09,-0.46000
2010-11-10,-0.36000
2010-11-11,
2010-11-12,-0.39000
2010-11-15,-0.42000
2010-11-16,-0.24000
2010-11-17,-0.42000
2010-11-18,-0.27000
2010-11-19,-0.29000
2010-11-22,-0.32000
2010-11-23,-0.34000
2010-11-24,-0.36000
2010-11-25,
2010-11-26,-0.30000
2010-11-29,-0.28000
2010-11-30,-0.33000
2010-12-01,-0.33000
2010-12-02,-0.30000
2010-12-03,-0.33000
2010-12-06,-0.27000
2010-12-07,-0.33000
2010-12-08,-0.30000
2010-12-09,-0.33000
2010-12-10,-0.34000
2010-12-13,-0.22000
2010-12-14,-0.31000
2010-12-15,-0.31000
2010-12-16,-0.20000
2010-12-17,-0.17000
2010-12-20,-0.35000
2010-12-21,-0.29000
2010-12-22,-0.30000
2010-12-23,-0.29000
2010-12-24,
2010-12-27,-0.19000
2010-12-28,-0.33000
2010-12-29,-0.15000
2010-12-30,-0.23000
2010-12-31,-0.19000
2011-01-03,-0.20000
2011-01-04,-0.24000
2011-01-05,-0.25000
2011-01-06,-0.24000
2011-01-07,-0.24000
2011-01-10,-0.30000
2011-01-11,-0.26000
2011-01-12,-0.27000
2011-01-13,-0.26000
2011-01-14,-0.36000
2011-01-17,
2011-01-18,-0.27000
2011-01-19,-0.26000
2011-01-20,-0.27000
2011-01-21,-0.26000
2011-01-24,-0.28000
2011-01-25,-0.19000
2011-01-26,-0.32000
2011-01-27,-0.23000
2011-01-28,-0.25000
2011-01-31,-0.30000
2011-02-01,-0.24000
2011-02-02,-0.27000
2011-02-03,-0.27000
2011-02-04,-0.24000
2011-02-07,-0.21000
2011-02-08,-0.29000
2011-02-09,-0.17000
2011-02-10,-0.23000
2011-02-11,-0.23000
2011-02-14,-0.22000
2011-02-15,-0.22000
2011-02-16,-0.22000
2011-02-17,-0.27000
2011-02-18,-0.24000
2011-02-21,
2011-02-22,-0.22000
2011-02-23,-0.26000
2011-02-24,-0.23000
2011-02-25,-0.20000
2011-02-28,-0.20000
2011-03-01,-0.18000
2011-03-02,-0.26000
2011-03-03,-0.23000
2011-03-04,-0.22000
2011-03-07,-0.22000
2011-03-08,-0.27000
2011-03-09,-0.20000
2011-03-10,-0.18000
2011-03-11,-0.24000
2011-03-14,-0.22000
2011-03-15,-0.23000
2011-03-16,-0.18000
2011-03-17,-0.22000
2011-03-18,-0.24000
2011-03-21,-0.23000
2011-03-22,-0.24000
2011-03-23,-0.27000
2011-03-24,-0.24000
2011-03-25,-0.26000
2011-03-28,-0.23000
2011-03-29,-0.25000
2011-03-30,-0.21000
2011-03-31,-0.19000
2011-04-01,-0.18000
2011-04-04,-0.24000
2011-04-05,-0.24000
2011-04-06,-0.24000
2011-04-07,-0.25000
2011-04-08,-0.22000
2011-04-11,-0.22000
2011-04-12,-0.26000
2011-04-13,-0.20000
2011-04-14,-0.22000
2011-04-15,-0.20000
2011-04-18,-0.19000
2011-04-19,-0.23000
2011-04-20,-0.26000
2011-04-21,-0.25000
2011-04-22,
2011-04-25,-0.22000
2011-04-26,-0.19000
2011-04-27,-0.25000
2011-04-28,-0.24000
2011-04-29,-0.23000
2011-05-02,-0.24000
2011-05-03,-0.25000
2011-05-04,-0.24000
2011-05-05,-0.21000
2011-05-06,-0.21000
2011-05-09,-0.26000
2011-05-10,-0.28000
2011-05-11,-0.20000
2011-05-12,-0.31000
2011-05-13,-0.25000
2011-05-16,-0.22000
2011-05-17,-0.26000
2011-05-18,-0.28000
2011-05-19,-0.23000
2011-05-20,-0.23000
2011-05-23,-0.24000
2011-05-24,-0.22000
2011-05-25,-0.26000
2011-05-26,-0.26000
2011-05-27,-0.25000
2011-05-30,
2011-05-31,-0.25000
2011-06-01,-0.24000
2011-06-02,-0.29000
2011-06-03,-0.21000
2011-06-06,-0.25000
2011-06-07,-0.23000
2011-06-08,-0.23000
2011-06-09,-0.29000
2011-06-10,-0.26000
2011-06-13,-0.26000
2011-06-14,-0.28000
2011-06-15,-0.17000
2011-06-16,-0.25000
2011-06-17,-0.25000
2011-06-20,-0.26000
2011-06-21,-0.25000
2011-06-22,-0.28000
2011-06-23,-0.28000
2011-06-24,-0.30000
2011-06-27,-0.40000
2011-06-28,-0.38000
2011-06-29,-0.38000
2011-06-30,-0.28000
2011-07-01,-0.29000
2011-07-04,
2011-07-05,-0.33000
2011-07-06,-0.30000
2011-07-07,-0.26000
2011-07-08,-0.25000
2011-07-11,-0.26000
2011-07-12,-0.29000
2011-07-13,-0.24000
2011-07-14,-0.36000
2011-07-15,-0.32000
2011-07-18,-0.38000
2011-07-19,-0.25000
2011-07-20,-0.33000
2011-07-21,-0.35000
2011-07-22,-0.32000
2011-07-25,-0.36000
2011-07-26,-0.34000
2011-07-27,-0.34000
2011-07-28,-0.32000
2011-07-29,-0.28000
2011-08-01,-0.32000
2011-08-02,-0.22000
2011-08-03,-0.36000
2011-08-04,-0.18000
2011-08-05,-0.32000
2011-08-08,-0.24000
2011-08-09,-0.15000
2011-08-10,-0.29000
2011-08-11,-0.56000
2011-08-12,-0.37000
2011-08-15,-0.39000
2011-08-16,-0.31000
2011-08-17,-0.30000
2011-08-18,-0.38000
2011-08-19,-0.33000
2011-08-22,-0.35000
2011-08-23,-0.43000
2011-08-24,-0.47000
2011-08-25,-0.34000
2011-08-26,-0.34000
2011-08-29,-0.37000
2011-08-30,-0.33000
2011-08-31,-0.41000
2011-09-01,-0.27000
2011-09-02,-0.25000
2011-09-05,
2011-09-06,-0.32000
2011-09-07,-0.31000
2011-09-08,-0.26000
2011-09-09,-0.24000
2011-09-12,-0.29000
2011-09-13,-0.31000
2011-09-14,-0.28000
2011-09-15,-0.33000
2011-09-16,-0.30000
2011-09-19,-0.29000
2011-09-20,-0.25000
2011-09-21,-0.10000
2011-09-22,-0.15000
2011-09-23,-0.28000
2011-09-26,-0.28000
2011-09-27,-0.21000
2011-09-28,-0.23000
2011-09-29,-0.22000
2011-09-30,-0.19000
2011-10-03,-0.15000
2011-10-04,-0.20000
2011-10-05,-0.20000
2011-10-06,-0.25000
2011-10-07,-0.21000
2011-10-10,
2011-10-11,-0.25000
2011-10-12,-0.25000
2011-10-13,-0.29000
2011-10-14,-0.22000
2011-10-17,-0.18000
2011-10-18,-0.25000
2011-10-19,-0.22000
2011-10-20,-0.24000
2011-10-21,-0.22000
2011-10-24,-0.26000
2011-10-25,-0.15000
2011-10-26,-0.28000
2011-10-27,-0.35000
2011-10-28,-0.24000
2011-10-31,-0.16000
2011-11-01,-0.21000
2011-11-02,-0.17000
2011-11-03,-0.23000
2011-11-04,-0.21000
2011-11-07,-0.23000
2011-11-08,-0.30000
2011-11-09,-0.24000
2011-11-10,-0.28000
2011-11-11,
2011-11-14,-0.23000
2011-11-15,-0.30000
2011-11-16,-0.24000
2011-11-17,-0.20000
2011-11-18,-0.25000
2011-11-21,-0.30000
2011-11-22,-0.25000
2011-11-23,-0.22000
2011-11-24,
2011-11-25,-0.30000
2011-11-28,-0.23000
2011-11-29,-0.26000
2011-11-30,-0.31000
2011-12-01,-0.31000
2011-12-02,-0.23000
2011-12-05,-0.25000
2011-12-06,-0.34000
2011-12-07,-0.26000
2011-12-08,-0.28000
2011-12-09,-0.38000
2011-12-12,-0.29000
2011-12-13,-0.20000
2011-12-14,-0.25000
2011-12-15,-0.30000
2011-12-16,-0.25000
2011-12-19,-0.21000
2011-12-20,-0.32000
2011-12-21,-0.33000
2011-12-22,-0.32000
2011-12-23,-0.27000
2011-12-26,
2011-12-27,-0.28000
2011-12-28,-0.24000
2011-12-29,-0.25000
2011-12-30,-0.28000
2012-01-02,
2012-01-03,-0.29000
2012-01-04,-0.32000
2012-01-05,-0.34000
2012-01-06,-0.30000
2012-01-09,-0.32000
2012-01-10,-0.30000
2012-01-11,-0.25000
2012-01-12,-0.27000
2012-01-13,-0.27000
2012-01-16,
2012-01-17,-0.27000
2012-01-18,-0.32000
2012-01-19,-0.31000
2012-01-20,-0.30000
2012-01-23,-0.28000
2012-01-24,-0.29000
2012-01-25,-0.28000
2012-01-26,-0.30000
2012-01-27,-0.26000
2012-01-30,-0.29000
2012-01-31,-0.26000
2012-02-01,-0.34000
2012-02-02,-0.30000
2012-02-03,-0.30000
2012-02-06,-0.28000
2012-02-07,-0.29000
2012-02-08,-0.29000
2012-02-09,-0.31000
2012-02-10,-0.30000
2012-02-13,-0.35000
2012-02-14,-0.31000
2012-02-15,-0.35000
2012-02-16,-0.35000
2012-02-17,-0.33000
2012-02-20,
2012-02-21,-0.33000
2012-02-22,-0.31000
2012-02-23,-0.27000
2012-02-24,-0.29000
2012-02-27,-0.28000
2012-02-28,-0.34000
2012-02-29,-0.30000
2012-03-01,-0.31000
2012-03-02,-0.31000
2012-03-05,-0.32000
2012-03-06,-0.33000
2012-03-07,-0.33000
2012-03-08,-0.32000
2012-03-09,-0.29000
2012-03-12,-0.33000
2012-03-13,-0.36000
2012-03-14,-0.38000
2012-03-15,-0.32000
2012-03-16,-0.28000
2012-03-19,-0.37000
2012-03-20,-0.30000
2012-03-21,-0.27000
2012-03-22,-0.32000
2012-03-23,-0.30000
2012-03-26,-0.25000
2012-03-27,-0.28000
2012-03-28,-0.31000
2012-03-29,-0.29000
2012-03-30,-0.37000
2012-04-02,-0.35000
2012-04-03,-0.39000
2012-04-04,-0.28000
2012-04-05,-0.26000
2012-04-06,-0.30000
2012-04-09,-0.30000
2012-04-10,-0.28000
2012-04-11,-0.30000
2012-04-12,-0.31000
2012-04-13,-0.29000
2012-04-16,-0.31000
2012-04-17,-0.29000
2012-04-18,-0.28000
2012-04-19,-0.30000
2012-04-20,-0.26000
2012-04-23,-0.31000
2012-04-24,-0.29000
2012-04-25,-0.29000
2012-04-26,-0.30000
2012-04-27,-0.26000
2012-04-30,-0.31000
2012-05-01,-0.30000
2012-05-02,-0.29000
2012-05-03,-0.29000
2012-05-04,-0.25000
2012-05-07,-0.29000
2012-05-08,-0.28000
2012-05-09,-0.29000
2012-05-10,-0.27000
2012-05-11,-0.27000
2012-05-14,-0.30000
2012-05-15,-0.27000
2012-05-16,-0.26000
2012-05-17,-0.25000
2012-05-18,-0.27000
2012-05-21,-0.29000
2012-05-22,-0.29000
2012-05-23,-0.30000
2012-05-24,-0.28000
2012-05-25,-0.29000
2012-05-28,
2012-05-29,-0.29000
2012-05-30,-0.26000
2012-05-31,-0.32000
2012-06-01,-0.23000
2012-06-04,-0.25000
2012-06-05,-0.25000
2012-06-06,-0.32000
2012-06-07,-0.26000
2012-06-08,-0.31000
2012-06-11,-0.22000
2012-06-12,-0.26000
2012-06-13,-0.18000
2012-06-14,-0.26000
2012-06-15,-0.29000
2012-06-18,-0.26000
2012-06-19,-0.29000
2012-06-20,-0.21000
2012-06-21,-0.25000
2012-06-22,-0.28000
2012-06-25,-0.26000
2012-06-26,-0.27000
2012-06-27,-0.24000
2012-06-28,-0.25000
2012-06-29,-0.27000
2012-07-02,-0.25000
2012-07-03,-0.25000
2012-07-04,
2012-07-05,-0.26000
2012-07-06,-0.22000
2012-07-09,-0.22000
2012-07-10,-0.23000
2012-07-11,-0.25000
2012-07-12,-0.25000
2012-07-13,-0.23000
2012-07-16,-0.27000
2012-07-17,-0.26000
2012-07-18,-0.23000
2012-07-19,-0.26000
2012-07-20,-0.23000
2012-07-23,-0.24000
2012-07-24,-0.19000
2012-07-25,-0.21000
2012-07-26,-0.22000
2012-07-27,-0.26000
2012-07-30,-0.22000
2012-07-31,-0.23000
2012-08-01,-0.22000
2012-08-02,-0.18000
2012-08-03,-0.19000
2012-08-06,-0.23000
2012-08-07,-0.20000
2012-08-08,-0.25000
2012-08-09,-0.21000
2012-08-10,-0.22000
2012-08-13,-0.24000
2012-08-14,-0.25000
2012-08-15,-0.23000
2012-08-16,-0.26000
2012-08-17,-0.24000
2012-08-20,-0.24000
2012-08-21,-0.17000
2012-08-22,-0.19000
2012-08-23,-0.23000
2012-08-24,-0.25000
2012-08-27,-0.23000
2012-08-28,-0.24000
2012-08-29,-0.22000
2012-08-30,-0.23000
2012-08-31,-0.17000
2012-09-03,
2012-09-04,-0.23000
2012-09-05,-0.21000
2012-09-06,-0.22000
2012-09-07,-0.25000
2012-09-10,-0.20000
2012-09-11,-0.19000
2012-09-12,-0.23000
2012-09-13,-0.26000
2012-09-14,-0.24000
2012-09-17,-0.24000
2012-09-18,-0.26000
2012-09-19,-0.26000
2012-09-20,-0.29000
2012-09-21,-0.25000
2012-09-24,-0.26000
2012-09-25,-0.18000
2012-09-26,-0.22000
2012-09-27,-0.25000
2012-09-28,-0.27000
2012-10-01,-0.19000
2012-10-02,-0.21000
2012-10-03,-0.21000
2012-10-04,-0.26000
2012-10-05,-0.22000
2012-10-08,
2012-10-09,-0.21000
2012-10-10,-0.16000
2012-10-11,-0.17000
2012-10-12,-0.23000
2012-10-15,-0.24000
2012-10-16,-0.25000
2012-10-17,-0.24000
2012-10-18,-0.30000
2012-10-19,-0.20000
2012-10-22,-0.24000
2012-10-23,-0.25000
2012-10-24,-0.24000
2012-10-25,-0.26000
2012-10-26,-0.25000
2012-10-29,-0.25000
2012-10-30,
2012-10-31,-0.23000
2012-11-01,-0.25000
2012-11-02,-0.25000
2012-11-05,-0.29000
2012-11-06,-0.30000
2012-11-07,-0.28000
2012-11-08,-0.20000
2012-11-09,-0.24000
2012-11-12,
2012-11-13,-0.25000
2012-11-14,-0.26000
2012-11-15,-0.25000
2012-11-16,-0.26000
2012-11-19,-0.23000
2012-11-20,-0.28000
2012-11-21,-0.25000
2012-11-22,
2012-11-23,-0.24000
2012-11-26,-0.25000
2012-11-27,-0.23000
2012-11-28,-0.26000
2012-11-29,-0.21000
2012-11-30,-0.26000
2012-12-03,-0.21000
2012-12-04,-0.23000
2012-12-05,-0.25000
2012-12-06,-0.23000
2012-12-07,-0.23000
2012-12-10,-0.22000
2012-12-11,-0.20000
2012-12-12,-0.26000
2012-12-13,-0.20000
2012-12-14,-0.21000
2012-12-17,-0.27000
2012-12-18,-0.22000
2012-12-19,-0.24000
2012-12-20,-0.21000
2012-12-21,-0.19000
2012-12-24,-0.19000
2012-12-25,
2012-12-26,-0.19000
2012-12-27,-0.17000
2012-12-28,-0.16000
2012-12-31,-0.21000
2013-01-01,
2013-01-02,-0.17000
2013-01-03,-0.25000
2013-01-04,-0.17000
2013-01-07,-0.21000
2013-01-08,-0.20000
2013-01-09,-0.20000
2013-01-10,-0.20000
2013-01-11,-0.16000
2013-01-14,-0.22000
2013-01-15,-0.21000
2013-01-16,-0.20000
2013-01-17,-0.19000
2013-01-18,-0.18000
2013-01-21,
2013-01-22,-0.17000
2013-01-23,-0.21000
2013-01-24,-0.17000
2013-01-25,-0.21000
2013-01-28,-0.16000
2013-01-29,-0.22000
2013-01-30,-0.16000
2013-01-31,-0.15000
2013-02-01,-0.21000
2013-02-04,-0.17000
2013-02-05,-0.16000
2013-02-06,-0.14000
2013-02-07,-0.19000
2013-02-08,-0.15000
2013-02-11,-0.17000
2013-02-12,-0.19000
2013-02-13,-0.19000
2013-02-14,-0.11000
2013-02-15,-0.12000
2013-02-18,
2013-02-19,-0.19000
2013-02-20,-0.13000
2013-02-21,-0.15000
2013-02-22,-0.15000
2013-02-25,-0.06000
2013-02-26,-0.17000
2013-02-27,-0.19000
2013-02-28,-0.16000
2013-03-01,-0.12000
2013-03-04,-0.16000
2013-03-05,-0.14000
2013-03-06,-0.17000
2013-03-07,-0.16000
2013-03-08,-0.15000
2013-03-11,-0.16000
2013-03-12,-0.14000
2013-03-13,-0.13000
2013-03-14,-0.15000
2013-03-15,-0.14000
2013-03-18,-0.15000
2013-03-19,-0.12000
2013-03-20,-0.16000
2013-03-21,-0.11000
2013-03-22,-0.11000
2013-03-25,-0.13000
2013-03-26,-0.09000
2013-03-27,-0.11000
2013-03-28,-0.12000
2013-03-29,
2013-04-01,-0.11000
2013-04-02,-0.11000
2013-04-03,-0.09000
2013-04-04,-0.08000
2013-04-05,-0.09000
2013-04-08,-0.09000
2013-04-09,-0.08000
2013-04-10,-0.09000
2013-04-11,-0.09000
2013-04-12,-0.04000
2013-04-15,-0.04000
2013-04-16,-0.09000
2013-04-17,-0.09000
2013-04-18,-0.08000
2013-04-19,-0.09000
2013-04-22,-0.09000
2013-04-23,-0.09000
2013-04-24,-0.06000
2013-04-25,-0.06000
2013-04-26,-0.06000
2013-04-29,-0.10000
2013-04-30,-0.08000
2013-05-01,-0.05000
2013-05-02,-0.04000
2013-05-03,-0.09000
2013-05-06,-0.09000
2013-05-07,-0.07000
2013-05-08,-0.07000
2013-05-09,-0.09000
2013-05-10,-0.07000
2013-05-13,-0.08000
2013-05-14,-0.12000
2013-05-15,-0.08000
2013-05-16,-0.09000
2013-05-17,-0.12000
2013-05-20,-0.10000
2013-05-21,-0.06000
2013-05-22,-0.11000
2013-05-23,-0.07000
2013-05-24,-0.09000
2013-05-27,
2013-05-28,-0.10000
2013-05-29,-0.06000
2013-05-30,-0.09000
2013-05-31,-0.06000
2013-06-03,-0.07000
2013-06-04,-0.06000
2013-06-05,-0.04000
2013-06-06,-0.06000
2013-06-07,-0.11000
2013-06-10,-0.07000
2013-06-11,-0.07000
2013-06-12,-0.13000
2013-06-13,-0.10000
2013-06-14,-0.10000
2013-06-17,-0.14000
2013-06-18,-0.09000
2013-06-19,-0.18000
2013-06-20,-0.11000
2013-06-21,-0.15000
2013-06-24,-0.02000
2013-06-25,-0.10000
2013-06-26,-0.09000
2013-06-27,-0.06000
2013-06-28,-0.05000
2013-07-01,-0.04000
2013-07-02,-0.05000
2013-07-03,-0.03000
2013-07-04,
2013-07-05,-0.04000
2013-07-08,0.04000
2013-07-09,-0.01000
2013-07-10,-0.03000
2013-07-11,-0.02000
2013-07-12,-0.04000
2013-07-15,-0.02000
2013-07-16,-0.02000
2013-07-17,-0.02000
2013-07-18,-0.03000
2013-07-19,0.00000
2013-07-22,-0.03000
2013-07-23,-0.03000
2013-07-24,-0.03000
2013-07-25,0.00000
2013-07-26,0.01000
2013-07-29,-0.04000
2013-07-30,-0.04000
2013-07-31,0.08000
2013-08-01,-0.08000
2013-08-02,-0.03000
2013-08-05,-0.04000
2013-08-06,-0.02000
2013-08-07,0.00000
2013-08-08,-0.03000
2013-08-09,0.01000
2013-08-12,-0.07000
2013-08-13,-0.01000
2013-08-14,-0.04000
2013-08-15,-0.02000
2013-08-16,-0.08000
2013-08-19,-0.06000
2013-08-20,-0.03000
2013-08-21,-0.03000
2013-08-22,0.00000
2013-08-23,0.00000
2013-08-26,0.00000
2013-08-27,0.04000
2013-08-28,-0.01000
2013-08-29,0.05000
2013-08-30,0.01000
2013-09-02,
2013-09-03,0.05000
2013-09-04,-0.02000
2013-09-05,0.01000
2013-09-06,-0.01000
2013-09-09,0.00000
2013-09-10,0.02000
2013-09-11,0.02000
2013-09-12,-0.03000
2013-09-13,-0.01000
2013-09-16,-0.08000
2013-09-17,0.00000
2013-09-18,0.10000
2013-09-19,-0.04000
2013-09-20,-0.01000
2013-09-23,-0.01000
2013-09-24,0.00000
2013-09-25,0.01000
2013-09-26,-0.03000
2013-09-27,-0.01000
2013-09-30,-0.02000
2013-10-01,-0.04000
2013-10-02,-0.05000
2013-10-03,-0.05000
2013-10-04,-0.03000
2013-10-07,-0.05000
2013-10-08,-0.04000
2013-10-09,-0.04000
2013-10-10,0.00000
2013-10-11,-0.07000
2013-10-14,
2013-10-15,-0.05000
2013-10-16,0.05000
2013-10-17,0.00000
2013-10-18,-0.02000
2013-10-21,-0.02000
2013-10-22,-0.02000
2013-10-23,-0.04000
2013-10-24,-0.05000
2013-10-25,-0.04000
2013-10-28,-0.05000
2013-10-29,-0.04000
2013-10-30,-0.05000
2013-10-31,-0.02000
2013-11-01,-0.05000
2013-11-04,-0.06000
2013-11-05,-0.05000
2013-11-06,-0.04000
2013-11-07,-0.01000
2013-11-08,-0.05000
2013-11-11,
2013-11-12,-0.06000
2013-11-13,-0.06000
2013-11-14,-0.06000
2013-11-15,-0.07000
2013-11-18,-0.09000
2013-11-19,-0.13000
2013-11-20,-0.24000
2013-11-21,-0.11000
2013-11-22,-0.09000
2013-11-25,-0.09000
2013-11-26,-0.09000
2013-11-27,-0.07000
2013-11-28,
2013-11-29,-0.06000
2013-12-02,-0.08000
2013-12-03,-0.06000
2013-12-04,-0.09000
2013-12-05,-0.10000
2013-12-06,-0.10000
2013-12-09,-0.10000
2013-12-10,-0.07000
2013-12-11,-0.10000
2013-12-12,-0.11000
2013-12-13,-0.09000
2013-12-16,-0.13000
2013-12-17,-0.07000
2013-12-18,-0.07000
2013-12-19,-0.08000
2013-12-20,-0.01000
2013-12-23,-0.06000
2013-12-24,-0.05000
2013-12-25,
2013-12-26,-0.03000
2013-12-27,-0.06000
2013-12-30,-0.05000
2013-12-31,-0.05000
2014-01-01,
2014-01-02,-0.02000
2014-01-03,-0.02000
2014-01-06,-0.03000
2014-01-07,-0.02000
2014-01-08,-0.01000
2014-01-09,0.00000
2014-01-10,0.00000
2014-01-13,0.00000
2014-01-14,-0.03000
2014-01-15,0.02000
2014-01-16,-0.01000
2014-01-17,0.01000
2014-01-20,
2014-01-21,-0.02000
2014-01-22,-0.03000
2014-01-23,0.03000
2014-01-24,0.01000
2014-01-27,-0.04000
2014-01-28,0.00000
2014-01-29,0.03000
2014-01-30,0.00000
2014-01-31,-0.01000
2014-02-03,0.02000
2014-02-04,-0.01000
2014-02-05,-0.03000
2014-02-06,0.00000
2014-02-07,-0.02000
2014-02-10,-0.01000
2014-02-11,-0.02000
2014-02-12,-0.01000
2014-02-13,-0.01000
2014-02-14,0.00000
2014-02-17,
2014-02-18,-0.01000
2014-02-19,-0.05000
2014-02-20,-0.02000
2014-02-21,-0.01000
2014-02-24,-0.03000
2014-02-25,-0.03000
2014-02-26,-0.02000
2014-02-27,-0.02000
2014-02-28,0.01000
2014-03-03,0.01000
2014-03-04,-0.05000
2014-03-05,-0.04000
2014-03-06,-0.03000
2014-03-07,-0.02000
2014-03-10,-0.05000
2014-03-11,-0.01000
2014-03-12,-0.02000
2014-03-13,0.02000
2014-03-14,-0.05000
2014-03-17,-0.06000
2014-03-18,-0.02000
2014-03-19,-0.05000
2014-03-20,-0.04000
2014-03-21,0.00000
2014-03-24,0.00000
2014-03-25,-0.02000
2014-03-26,0.00000
2014-03-27,-0.01000
2014-03-28,-0.03000
2014-03-31,-0.01000
2014-04-01,-0.01000
2014-04-02,-0.02000
2014-04-03,-0.01000
2014-04-04,-0.02000
2014-04-07,-0.01000
2014-04-08,0.01000
2014-04-09,-0.03000
2014-04-10,-0.01000
2014-04-11,0.00000
2014-04-14,0.00000
2014-04-15,-0.01000
2014-04-16,0.03000
2014-04-17,-0.05000
2014-04-18,
2014-04-21,-0.04000
2014-04-22,0.02000
2014-04-23,0.00000
2014-04-24,0.01000
2014-04-25,-0.03000
2014-04-28,0.01000
2014-04-29,0.00000
2014-04-30,-0.01000
2014-05-01,0.01000
2014-05-02,0.02000
2014-05-05,-0.01000
2014-05-06,0.00000
2014-05-07,-0.01000
2014-05-08,-0.09000
2014-05-09,-0.06000
2014-05-12,-0.04000
2014-05-13,-0.03000
2014-05-14,-0.02000
2014-05-15,-0.04000
2014-05-16,-0.04000
2014-05-19,-0.08000
2014-05-20,-0.02000
2014-05-21,-0.04000
2014-05-22,-0.06000
2014-05-23,-0.05000
2014-05-26,
2014-05-27,-0.02000
2014-05-28,-0.03000
2014-05-29,-0.07000
2014-05-30,-0.03000
2014-06-02,-0.04000
2014-06-03,-0.04000
2014-06-04,-0.01000
2014-06-05,-0.01000
2014-06-06,-0.04000
2014-06-09,-0.01000
2014-06-10,-0.02000
2014-06-11,-0.05000
2014-06-12,0.01000
2014-06-13,-0.03000
2014-06-16,-0.02000
2014-06-17,-0.04000
2014-06-18,-0.03000
2014-06-19,-0.10000
2014-06-20,-0.02000
2014-06-23,-0.07000
2014-06-24,-0.03000
2014-06-25,-0.04000
2014-06-26,-0.03000
2014-06-27,-0.04000
2014-06-30,-0.02000
2014-07-01,-0.04000
2014-07-02,-0.05000
2014-07-03,-0.02000
2014-07-04,
2014-07-07,-0.04000
2014-07-08,-0.02000
2014-07-09,-0.02000
2014-07-10,-0.06000
2014-07-11,-0.03000
2014-07-14,-0.04000
2014-07-15,-0.02000
2014-07-16,-0.03000
2014-07-17,0.01000
2014-07-18,-0.03000
2014-07-21,-0.04000
2014-07-22,0.00000
2014-07-23,-0.04000
2014-07-24,-0.02000
2014-07-25,-0.01000
2014-07-28,-0.06000
2014-07-29,-0.01000
2014-07-30,-0.07000
2014-07-31,-0.02000
2014-08-01,-0.01000
2014-08-04,-0.05000
2014-08-05,0.02000
2014-08-06,-0.03000
2014-08-07,0.00000
2014-08-08,-0.06000
2014-08-11,-0.02000
2014-08-12,-0.05000
2014-08-13,-0.02000
2014-08-14,-0.01000
2014-08-15,-0.03000
2014-08-18,-0.05000
2014-08-19,-0.02000
2014-08-20,0.00000
2014-08-21,0.00000
2014-08-22,0.01000
2014-08-25,0.01000
2014-08-26,-0.03000
2014-08-27,0.01000
2014-08-28,-0.03000
2014-08-29,-0.03000
2014-09-01,
2014-09-02,-0.03000
2014-09-03,0.00000
2014-09-04,-0.04000
2014-09-05,-0.06000
2014-09-08,-0.07000
2014-09-09,-0.03000
2014-09-10,-0.01000
2014-09-11,-0.03000
2014-09-12,-0.02000
2014-09-15,-0.02000
2014-09-16,-0.03000
2014-09-17,-0.03000
2014-09-18,0.00000
2014-09-19,0.05000
2014-09-22,-0.01000
2014-09-23,0.00000
2014-09-24,-0.04000
2014-09-25,0.01000
2014-09-26,-0.01000
2014-09-29,-0.02000
2014-09-30,-0.03000
2014-10-01,0.03000
2014-10-02,-0.02000
2014-10-03,0.03000
2014-10-06,0.02000
2014-10-07,0.04000
2014-10-08,-0.02000
2014-10-09,-0.02000
2014-10-10,0.00000
2014-10-13,
2014-10-14,0.01000
2014-10-15,-0.08000
2014-10-16,-0.02000
2014-10-17,0.01000
2014-10-20,0.00000
2014-10-21,-0.04000
2014-10-22,-0.04000
2014-10-23,-0.03000
2014-10-24,-0.04000
2014-10-27,-0.03000
2014-10-28,-0.03000
2014-10-29,-0.01000
2014-10-30,-0.04000
2014-10-31,0.00000
2014-11-03,0.01000
2014-11-04,-0.03000
2014-11-05,-0.01000
2014-11-06,-0.03000
2014-11-07,-0.01000
2014-11-10,-0.06000
2014-11-11,
2014-11-12,-0.07000
2014-11-13,-0.03000
2014-11-14,0.00000
2014-11-17,-0.03000
2014-11-18,-0.04000
2014-11-19,-0.05000
2014-11-20,-0.02000
2014-11-21,-0.02000
2014-11-24,-0.01000
2014-11-25,0.01000
2014-11-26,-0.03000
2014-11-27,
2014-11-28,0.01000
2014-12-01,-0.06000
2014-12-02,-0.03000
2014-12-03,-0.01000
2014-12-04,-0.01000
2014-12-05,-0.03000
2014-12-08,0.01000
2014-12-09,-0.03000
2014-12-10,0.00000
2014-12-11,-0.01000
2014-12-12,-0.02000
2014-12-15,-0.01000
2014-12-16,-0.01000
2014-12-17,-0.07000
2014-12-18,-0.04000
2014-12-19,-0.01000
2014-12-22,-0.02000
2014-12-23,-0.12000
2014-12-24,0.00000
2014-12-25,
2014-12-26,-0.03000
2014-12-29,-0.06000
2014-12-30,-0.06000
2014-12-31,-0.04000
2015-01-01,
2015-01-02,-0.04000
2015-01-05,-0.03000
2015-01-06,-0.03000
2015-01-07,-0.03000
2015-01-08,-0.05000
2015-01-09,-0.03000
2015-01-12,-0.01000
2015-01-13,-0.04000
2015-01-14,-0.11000
2015-01-15,-0.04000
2015-01-16,-0.08000
2015-01-19,
2015-01-20,-0.09000
2015-01-21,-0.12000
2015-01-22,-0.07000
2015-01-23,-0.07000
2015-01-26,-0.06000
2015-01-27,-0.13000
2015-01-28,0.00000
2015-01-29,-0.08000
2015-01-30,-0.08000
2015-02-02,-0.06000
2015-02-03,-0.13000
2015-02-04,-0.05000
2015-02-05,-0.09000
2015-02-06,-0.08000
2015-02-09,-0.13000
2015-02-10,-0.11000
2015-02-11,-0.06000
2015-02-12,-0.12000
2015-02-13,-0.11000
2015-02-16,
2015-02-17,-0.15000
2015-02-18,-0.10000
2015-02-19,-0.14000
2015-02-20,-0.14000
2015-02-23,-0.07000
2015-02-24,-0.04000
2015-02-25,-0.08000
2015-02-26,-0.15000
2015-02-27,-0.09000
2015-03-02,-0.14000
2015-03-03,-0.12000
2015-03-04,-0.12000
2015-03-05,-0.09000
2015-03-06,-0.11000
2015-03-09,-0.12000
2015-03-10,-0.12000
2015-03-11,-0.11000
2015-03-12,-0.16000
2015-03-13,-0.14000
2015-03-16,-0.14000
2015-03-17,-0.12000
2015-03-18,-0.07000
2015-03-19,-0.21000
2015-03-20,-0.15000
2015-03-23,-0.16000
2015-03-24,-0.13000
2015-03-25,-0.19000
2015-03-26,-0.19000
2015-03-27,-0.13000
2015-03-30,-0.16000
2015-03-31,-0.16000
2015-04-01,-0.14000
2015-04-02,-0.16000
2015-04-03,
2015-04-06,
2015-04-07,-0.10000
2015-04-08,-0.15000
2015-04-09,-0.22000
2015-04-10,-0.17000
2015-04-13,-0.15000
2015-04-14,-0.21000
2015-04-15,-0.19000
2015-04-16,-0.15000
2015-04-17,-0.12000
2015-04-20,-0.21000
2015-04-21,-0.23000
2015-04-22,-0.26000
2015-04-23,-0.24000
2015-04-24,-0.25000
2015-04-27,-0.20000
2015-04-28,-0.25000
2015-04-29,-0.21000
2015-04-30,-0.17000
2015-05-01,-0.23000
2015-05-04,-0.27000
2015-05-05,-0.21000
2015-05-06,-0.25000
2015-05-07,-0.20000
2015-05-08,-0.27000
2015-05-11,-0.29000
2015-05-12,-0.24000
2015-05-13,-0.30000
2015-05-14,-0.26000
2015-05-15,-0.23000
2015-05-18,-0.27000
2015-05-19,-0.29000
2015-05-20,-0.30000
2015-05-21,-0.25000
2015-05-22,-0.29000
2015-05-25,
2015-05-26,-0.22000
2015-05-27,-0.22000
2015-05-28,-0.24000
2015-05-29,-0.26000
2015-06-01,-0.27000
2015-06-02,-0.27000
2015-06-03,-0.28000
2015-06-04,-0.21000
2015-06-05,-0.23000
2015-06-08,-0.23000
2015-06-09,-0.20000
2015-06-10,-0.24000
2015-06-11,-0.18000
2015-06-12,-0.26000
2015-06-15,-0.23000
2015-06-16,-0.19000
2015-06-17,-0.21000
2015-06-18,-0.26000
2015-06-19,-0.23000
2015-06-22,-0.28000
2015-06-23,-0.27000
2015-06-24,-0.19000
2015-06-25,-0.19000
2015-06-26,-0.24000
2015-06-29,-0.14000
2015-06-30,-0.17000
2015-07-01,-0.21000
2015-07-02,-0.21000
2015-07-03,
2015-07-06,-0.12000
2015-07-07,-0.22000
2015-07-08,-0.15000
2015-07-09,-0.24000
2015-07-10,-0.24000
2015-07-13,-0.22000
2015-07-14,-0.21000
2015-07-15,-0.17000
2015-07-16,-0.20000
2015-07-17,-0.20000
2015-07-20,-0.21000
2015-07-21,-0.18000
2015-07-22,-0.21000
2015-07-23,-0.13000
2015-07-24,-0.18000
2015-07-27,-0.18000
2015-07-28,-0.18000
2015-07-29,-0.19000
2015-07-30,-0.19000
2015-07-31,-0.21000
2015-08-03,-0.17000
2015-08-04,-0.22000
2015-08-05,-0.18000
2015-08-06,-0.18000
2015-08-07,-0.15000
2015-08-10,-0.20000
2015-08-11,-0.18000
2015-08-12,-0.27000
2015-08-13,-0.22000
2015-08-14,-0.17000
2015-08-17,-0.18000
2015-08-18,-0.22000
2015-08-19,-0.15000
2015-08-20,-0.18000
2015-08-21,-0.17000
2015-08-24,-0.22000
2015-08-25,-0.24000
2015-08-26,-0.29000
2015-08-27,-0.24000
2015-08-28,-0.25000
2015-08-31,-0.28000
2015-09-01,-0.24000
2015-09-02,-0.27000
2015-09-03,-0.22000
2015-09-04,-0.24000
2015-09-07,
2015-09-08,-0.27000
2015-09-09,-0.24000
2015-09-10,-0.29000
2015-09-11,-0.29000
2015-09-14,-0.27000
2015-09-15,-0.30000
2015-09-16,-0.29000
2015-09-17,-0.23000
2015-09-18,-0.23000
2015-09-21,-0.30000
2015-09-22,-0.28000
2015-09-23,-0.26000
2015-09-24,-0.32000
2015-09-25,-0.29000
2015-09-28,-0.28000
2015-09-29,-0.30000
2015-09-30,-0.34000
2015-10-01,-0.34000
2015-10-02,-0.36000
2015-10-05,-0.36000
2015-10-06,-0.31000
2015-10-07,-0.32000
2015-10-08,-0.39000
2015-10-09,-0.34000
2015-10-12,
2015-10-13,-0.32000
2015-10-14,-0.33000
2015-10-15,-0.37000
2015-10-16,-0.38000
2015-10-19,-0.34000
2015-10-20,-0.35000
2015-10-21,-0.35000
2015-10-22,-0.34000
2015-10-23,-0.35000
2015-10-26,-0.36000
2015-10-27,-0.39000
2015-10-28,-0.36000
2015-10-29,-0.40000
2015-10-30,-0.37000
2015-11-02,-0.38000
2015-11-03,-0.42000
2015-11-04,-0.42000
2015-11-05,-0.46000
2015-11-06,-0.40000
2015-11-09,-0.38000
2015-11-10,-0.42000
2015-11-11,
2015-11-12,-0.42000
2015-11-13,-0.44000
2015-11-16,-0.45000
2015-11-17,-0.39000
2015-11-18,-0.43000
2015-11-19,-0.48000
2015-11-20,-0.49000
2015-11-23,-0.48000
2015-11-24,-0.45000
2015-11-25,-0.45000
2015-11-26,
2015-11-27,-0.46000
2015-11-30,-0.45000
2015-12-01,-0.41000
2015-12-02,-0.40000
2015-12-03,-0.46000
2015-12-04,-0.35000
2015-12-07,-0.36000
2015-12-08,-0.40000
2015-12-09,-0.34000
2015-12-10,-0.36000
2015-12-11,-0.31000
2015-12-14,-0.38000
2015-12-15,-0.36000
2015-12-16,-0.36000
2015-12-17,-0.32000
2015-12-18,-0.31000
2015-12-21,-0.33000
2015-12-22,-0.34000
2015-12-23,-0.34000
2015-12-24,-0.35000
2015-12-25,
2015-12-28,-0.37000
2015-12-29,-0.40000
2015-12-30,-0.38000
2015-12-31,-0.40000
2016-01-01,
2016-01-04,-0.42000
2016-01-05,-0.39000
2016-01-06,-0.40000
2016-01-07,-0.37000
2016-01-08,-0.41000
2016-01-11,-0.49000
2016-01-12,-0.44000
2016-01-13,-0.42000
2016-01-14,-0.51000
2016-01-15,-0.48000
2016-01-18,
2016-01-19,-0.47000
2016-01-20,-0.51000
2016-01-21,-0.49000
2016-01-22,-0.46000
2016-01-25,-0.46000
2016-01-26,-0.46000
2016-01-27,-0.44000
2016-01-28,-0.45000
2016-01-29,-0.49000
2016-02-01,-0.47000
2016-02-02,-0.45000
2016-02-03,-0.51000
2016-02-04,-0.43000
2016-02-05,-0.40000
2016-02-08,-0.41000
2016-02-09,-0.44000
2016-02-10,-0.44000
2016-02-11,
2016-02-12,-0.56000
2016-02-15,
2016-02-16,-0.52000
2016-02-17,-0.48000
2016-02-18,-0.46000
2016-02-19,-0.53000
2016-02-22,-0.51000
2016-02-23,-0.49000
2016-02-24,-0.58000
2016-02-25,-0.54000
2016-02-26,-0.53000
2016-02-29,-0.55000
2016-03-01,-0.56000
2016-03-02,-0.52000
2016-03-03,-0.49000
2016-03-04,-0.50000
2016-03-07,-0.51000
2016-03-08,-0.54000
2016-03-09,-0.53000
2016-03-10,-0.50000
2016-03-11,-0.52000
2016-03-14,-0.51000
2016-03-15,-0.51000
2016-03-16,-0.49000
2016-03-17,-0.51000
2016-03-18,-0.52000
2016-03-21,-0.52000
2016-03-22,-0.53000
2016-03-23,-0.45000
2016-03-24,-0.51000
2016-03-25,
2016-03-28,-0.49000
2016-03-29,-0.43000
2016-03-30,-0.46000
2016-03-31,-0.46000
2016-04-01,-0.46000
2016-04-04,-0.46000
2016-04-05,-0.46000
2016-04-06,-0.47000
2016-04-07,-0.45000
2016-04-08,-0.45000
2016-04-11,-0.45000
2016-04-12,-0.48000
2016-04-13,-0.44000
2016-04-14,-0.48000
2016-04-15,-0.47000
2016-04-18,-0.46000
2016-04-19,-0.44000
2016-04-20,-0.54000
2016-04-21,-0.45000
2016-04-22,-0.46000
2016-04-25,-0.47000
2016-04-26,-0.48000
2016-04-27,-0.46000
2016-04-28,-0.44000
2016-04-29,-0.43000
2016-05-02,-0.47000
2016-05-03,-0.47000
2016-05-04,-0.46000
2016-05-05,-0.45000
2016-05-06,-0.49000
2016-05-09,-0.49000
2016-05-10,-0.49000
2016-05-11,-0.47000
2016-05-12,-0.48000
2016-05-13,-0.45000
2016-05-16,-0.48000
2016-05-17,-0.49000
2016-05-18,-0.51000
2016-05-19,-0.49000
2016-05-20,-0.47000
2016-05-23,-0.47000
2016-05-24,-0.47000
2016-05-25,-0.51000
2016-05-26,-0.48000
2016-05-27,-0.49000
2016-05-30,
2016-05-31,-0.47000
2016-06-01,-0.50000
2016-06-02,-0.47000
2016-06-03,-0.46000
2016-06-06,-0.48000
2016-06-07,-0.49000
2016-06-08,-0.47000
2016-06-09,-0.49000
2016-06-10,-0.47000
2016-06-13,-0.46000
2016-06-14,-0.51000
2016-06-15,-0.50000
2016-06-16,-0.51000
2016-06-17,-0.49000
2016-06-20,-0.47000
2016-06-21,-0.49000
2016-06-22,-0.46000
2016-06-23,-0.49000
2016-06-24,-0.49000
2016-06-27,-0.46000
2016-06-28,-0.47000
2016-06-29,-0.51000
2016-06-30,-0.48000
2016-07-01,-0.41000
2016-07-04,
2016-07-05,-0.41000
2016-07-06,-0.40000
2016-07-07,-0.40000
2016-07-08,-0.41000
2016-07-11,-0.42000
2016-07-12,-0.45000
2016-07-13,-0.44000
2016-07-14,-0.46000
2016-07-15,-0.45000
2016-07-18,-0.46000
2016-07-19,-0.44000
2016-07-20,-0.45000
2016-07-21,-0.39000
2016-07-22,-0.43000
2016-07-25,-0.45000
2016-07-26,-0.43000
2016-07-27,-0.41000
2016-07-28,-0.44000
2016-07-29,-0.41000
2016-08-01,-0.46000
2016-08-02,-0.46000
2016-08-03,-0.45000
2016-08-04,-0.48000
2016-08-05,-0.49000
2016-08-08,-0.47000
2016-08-09,-0.46000
2016-08-10,-0.45000
2016-08-11,-0.51000
2016-08-12,-0.52000
2016-08-15,-0.51000
2016-08-16,-0.51000
2016-08-17,-0.51000
2016-08-18,-0.51000
2016-08-19,-0.52000
2016-08-22,-0.52000
2016-08-23,-0.57000
2016-08-24,-0.55000
2016-08-25,-0.58000
2016-08-26,-0.61000
2016-08-29,-0.53000
2016-08-30,-0.55000
2016-08-31,-0.53000
2016-09-01,-0.52000
2016-09-02,-0.53000
2016-09-05,
2016-09-06,-0.53000
2016-09-07,-0.53000
2016-09-08,-0.58000
2016-09-09,-0.54000
2016-09-12,-0.54000
2016-09-13,-0.62000
2016-09-14,-0.55000
2016-09-15,-0.58000
2016-09-16,-0.56000
2016-09-19,-0.56000
2016-09-20,-0.58000
2016-09-21,-0.49000
2016-09-22,-0.55000
2016-09-23,-0.54000
2016-09-26,-0.54000
2016-09-27,-0.54000
2016-09-28,-0.56000
2016-09-29,-0.52000
2016-09-30,-0.55000
2016-10-03,-0.55000
2016-10-04,-0.57000
2016-10-05,-0.53000
2016-10-06,-0.55000
2016-10-07,-0.54000
2016-10-10,
2016-10-11,-0.56000
2016-10-12,-0.54000
2016-10-13,-0.56000
2016-10-14,-0.59000
2016-10-17,-0.55000
2016-10-18,-0.56000
2016-10-19,-0.56000
2016-10-20,-0.57000
2016-10-21,-0.55000
2016-10-24,-0.56000
2016-10-25,-0.57000
2016-10-26,-0.55000
2016-10-27,-0.53000
2016-10-28,-0.55000
